date,temperature,AverageTemperatureUncertainty,NDVI,LST,rolling_mean,rolling_std,month,year,anomaly
1754-06-01,16.90479245283019,1.8639056603773585,2825.0,2825.0,8.609839905660378,7.804621641800553,6,1754,0
1754-11-01,5.750807692307693,2.161923076923077,3090.4,3090.4,8.657062213352685,7.783696216425123,11,1754,0
1755-04-01,10.22577358490566,4.393849056603774,3357.8333333333335,3357.8333333333335,8.39886667876149,7.665297494433414,4,1755,0
1755-09-01,13.714490566037735,1.6909811320754717,3614.2,3614.2,9.629425892597967,7.180061715461932,9,1755,0
1756-02-01,3.5860943396226412,4.140169811320755,3883.2,3883.2,9.480770420899855,7.293831601827894,2,1756,0
1756-07-01,18.658716981132077,2.499056603773585,4142.666666666667,4142.666666666667,9.558106835994193,7.393496514074873,7,1756,0
1756-12-01,-0.6442264150943396,2.777924528301887,4408.6,4408.6,9.698004634736332,7.160457991502894,12,1756,1
1757-05-01,13.12024528301887,3.8206415094339623,4674.833333333333,4674.833333333333,9.31218340832124,6.802960185812708,5,1757,0
1757-10-01,6.332264150943397,10.005283018867924,4934.0,4934.0,9.119598754233188,6.856121093991495,10,1757,0
1758-03-01,3.891537037037037,4.4104074074074076,5204.666666666667,5204.666666666667,8.996289733734702,6.942428021753029,3,1758,0
1758-08-01,17.0865,6.385518518518518,5474.666666666667,5474.666666666667,8.97622605448942,6.916461996287217,8,1758,0
1759-01-01,2.6529814814814814,6.061814814814816,5744.0,5744.0,9.273331429518537,6.518180609207174,1,1759,0
1759-06-01,17.00087037037037,5.614740740740741,6014.0,6014.0,9.281337922646886,6.5284576661201905,6,1759,0
1759-11-01,2.8770925925925925,5.882666666666666,6281.4,6281.4,9.041861664337294,6.719644758482496,11,1759,0
1760-04-01,8.142566037735849,6.1934905660377355,6554.6,6554.6,8.868261035406476,6.713184595394028,4,1760,0
1760-09-01,15.097830188679247,5.2609433962264145,6813.666666666667,6813.666666666667,8.983539337293267,6.815073158144025,9,1760,0
1761-02-01,1.6862222222222225,3.7949259259259263,7080.6,7080.6,8.825216660843234,6.972120294403055,2,1761,0
1761-07-01,19.90533333333333,5.937333333333333,7355.6,7355.6,8.929101356860006,7.139243835449055,7,1761,0
1761-12-01,-2.216,2.4599629629629627,7619.4,7619.4,8.798120224784533,7.342377834461233,12,1761,1
1762-05-01,12.523351851851851,6.273388888888889,7883.2,7883.2,8.748379105520614,7.312396264456442,5,1762,0
1762-10-01,6.694777777777778,4.0959814814814814,8155.0,8155.0,8.77858857442348,7.302249006039419,10,1762,0
1763-03-01,1.6058703703703703,6.908333333333333,8428.6,8428.6,8.58811635220126,7.4692125890500725,3,1763,0
1763-08-01,17.994574074074073,3.384388888888889,8695.0,8695.0,8.663789191707432,7.56709809521821,8,1763,0
1764-01-01,1.1708867924528303,5.170792452830189,8962.6,8962.6,8.540281300955042,7.685295499468816,1,1764,0
1764-06-01,15.236203703703703,3.3430555555555554,9228.4,9228.4,8.393225745399487,7.5238755815965686,6,1764,0
1764-11-01,4.21712962962963,3.3736111111111113,9498.4,9498.4,8.504895498485908,7.44408339582759,11,1764,0
1765-04-01,8.053351851851852,2.1445185185185185,9768.4,9768.4,8.497460982995573,7.444522693087469,4,1765,0
1765-09-01,13.591648148148147,2.1042592592592593,10038.6,10038.6,8.371945812951315,7.335015151091563,9,1765,0
1766-02-01,-0.07100000000000001,4.189166666666667,10301.4,10301.4,8.22551062776613,7.496387219802789,2,1766,0
1766-07-01,17.591925925925928,4.118462962962963,10574.2,10574.2,8.032726677148846,7.19229084839,7,1766,0
1766-12-01,0.21131481481481476,3.810722222222222,10844.2,10844.2,8.235002911716748,6.906298976248786,12,1766,0
1767-05-01,11.094388888888888,2.6735555555555557,11118.6,11118.6,8.115922664803167,6.8376139599232895,5,1767,0
1767-10-01,9.316703703703704,2.9952962962962966,11384.166666666666,11384.166666666666,8.334416491963662,6.82996046173631,10,1767,0
1768-03-01,1.6520181818181818,5.901363636363636,11658.4,11658.4,8.338262142917646,6.82583924772988,3,1768,0
1768-08-01,17.536,2.0026,11934.5,11934.5,8.300047636744807,6.767901468686739,8,1768,0
1769-01-01,0.4377586206896552,5.621568965517241,12223.0,12223.0,8.23895362243121,6.841021040708294,1,1769,0
1769-06-01,16.68494827586207,4.598879310344828,12508.666666666666,12508.666666666666,8.35968233677774,6.986959734129724,6,1769,0
1769-11-01,4.343309090909091,1.9228181818181818,12792.333333333334,12792.333333333334,8.370197291884361,6.980250411873812,11,1769,0
1770-04-01,7.409745454545455,11.328727272727274,13065.2,13065.2,8.316563425442162,6.985377009000064,4,1770,0
1770-09-01,15.137345454545454,3.3930363636363636,13341.5,13341.5,8.445371534308604,7.104722257039705,9,1770,0
1771-02-01,-1.5114545454545454,4.427490909090909,13614.2,13614.2,8.325333655520724,7.271893302363634,2,1771,1
1771-07-01,17.985236363636364,2.0676727272727273,13890.5,13890.5,8.358109525329928,7.318195574563678,7,1771,0
1771-12-01,2.7649454545454546,4.167727272727273,14170.4,14170.4,8.570912078640815,7.093439044704281,12,1771,0
1772-05-01,10.598444444444445,2.077888888888889,14433.2,14433.2,8.52958337493711,7.078829563191224,5,1772,0
1772-10-01,10.627722222222223,2.7103333333333333,14703.2,14703.2,8.638834918146989,7.102160396322535,10,1772,0
1773-03-01,3.374690909090909,2.4060545454545452,14978.6,14978.6,8.782390978753048,6.96416678548522,3,1773,0
1773-08-01,17.717036363636364,2.4106545454545456,15252.166666666666,15252.166666666666,8.797477342389412,6.9850183526339125,8,1773,0
1774-01-01,-2.1049074074074077,8.136462962962964,15530.0,15530.0,8.585588506714656,7.293419380356887,1,1774,1
1774-06-01,17.29727777777778,7.227129629629629,15795.0,15795.0,8.636615965207632,7.357100988486316,6,1774,0
1774-11-01,0.7111052631578948,7.068596491228071,16071.6,16071.6,8.333932312895033,7.619819323517323,11,1774,0
1775-04-01,7.041844827586207,1.850810344827586,16358.2,16358.2,8.303273927315095,7.624614453649426,4,1775,0
1775-09-01,14.966741379310346,3.3323275862068966,16649.6,16649.6,8.289056921045502,7.610859708935584,9,1775,0
1776-02-01,1.4708070175438597,3.9963333333333333,16936.166666666668,16936.166666666668,8.537578717962036,7.304260216035689,2,1776,0
1776-07-01,18.478534482758622,2.9770517241379313,17225.0,17225.0,8.578686894555558,7.363413723395363,7,1776,0
1776-12-01,0.9995344827586207,3.5715517241379313,17509.8,17509.8,8.431569313573322,7.506377391858851,12,1776,0
1777-05-01,12.124724137931036,3.6508275862068964,17796.166666666668,17796.166666666668,8.558759288030538,7.559176447974681,5,1777,0
1777-10-01,8.290224137931036,5.032224137931035,18090.6,18090.6,8.363967781006272,7.531079923870878,10,1777,0
1778-03-01,3.061709090909091,4.40009090909091,18375.5,18375.5,8.337885962824455,7.550446786263989,3,1778,0
1778-08-01,17.951611111111113,3.6878703703703706,18654.833333333332,18654.833333333332,8.357433858447349,7.577192913529846,8,1778,0
1779-01-01,-2.584379310344828,3.6961206896551726,18940.0,18940.0,8.317477866535897,7.638395296844316,1,1779,1
1779-06-01,14.929254545454546,3.982745454545455,19225.666666666668,19225.666666666668,8.12014259717563,7.412565497015174,6,1779,0
1779-11-01,4.813035714285715,2.7811071428571426,19494.2,19494.2,8.461970134769613,7.128995649365766,11,1779,0
1780-04-01,8.752,3.3248035714285713,19779.4,19779.4,8.604483065804096,7.115105639437538,4,1780,0
1780-09-01,13.306527272727273,4.227654545454545,20058.6,20058.6,8.466131890255506,6.995278974011276,9,1780,0
1781-02-01,0.7228392857142856,10.509428571428572,20338.0,20338.0,8.403801245936377,7.066248819312553,2,1781,0
1781-07-01,18.86198214285714,3.296464285714286,20618.0,20618.0,8.435755217611254,7.1166363437736155,7,1781,0
1781-12-01,0.5160338983050848,6.5390169491525425,20907.5,20907.5,8.395463502240124,7.16377736339251,12,1781,0
1782-05-01,11.10235593220339,3.8341186440677966,21203.666666666668,21203.666666666668,8.310266151762821,7.12134784172301,5,1782,0
1782-10-01,8.161785714285715,4.334464285714286,21483.4,21483.4,8.299562949792376,7.121477221415566,10,1782,0
1783-03-01,2.618125,2.9396607142857145,21763.4,21763.4,8.262597608883286,7.15222179630999,3,1783,0
1783-08-01,18.191892857142857,2.4846428571428567,22048.666666666668,22048.666666666668,8.282621087719265,7.182087269817556,8,1783,0
1784-01-01,-2.5361636363636366,9.556472727272727,22326.0,22326.0,8.28663906055103,7.175465550872168,1,1784,1
1784-06-01,16.228836363636365,2.6585454545454543,22593.0,22593.0,8.394937545399516,7.293669604952552,6,1784,0
1784-11-01,4.573418181818181,2.7900181818181817,22876.5,22876.5,8.374969417693888,7.304687064252885,11,1784,0
1785-04-01,5.659327272727272,3.5170909090909093,23142.6,23142.6,8.11724669042116,7.344623836663781,4,1785,0
1785-09-01,14.713392857142859,2.357125,23426.666666666668,23426.666666666668,8.234485489122461,7.4455237582590215,9,1785,0
1786-02-01,-0.0458035714285714,2.6374285714285715,23707.833333333332,23707.833333333332,8.170431917693888,7.518965041835252,2,1786,0
1786-07-01,17.56292857142857,4.795160714285714,23987.833333333332,23987.833333333332,8.062177453408173,7.358682608929166,7,1786,0
1786-12-01,-0.2807321428571428,3.0432678571428573,24266.833333333332,24266.833333333332,7.995780283311322,7.436147964781665,12,1786,1
1787-05-01,13.2555625,5.1155156250000005,24582.0,24582.0,8.175214163961039,7.54313294321878,5,1787,0
1787-10-01,11.200606557377048,7.43955737704918,24893.5,24893.5,8.42844923421865,7.593482153621047,10,1787,0
1788-03-01,3.816375,3.7446607142857142,25183.666666666668,25183.666666666668,8.528303400885315,7.517630152278778,3,1788,0
1788-08-01,18.047370967741934,2.366129032258064,25483.833333333332,25483.833333333332,8.516259910101907,7.500838376088418,8,1788,0
1789-01-01,1.0671612903225807,5.9621129032258064,25801.833333333332,25801.833333333332,8.816536987325758,7.078388028522692,1,1789,0
1789-06-01,16.907666666666668,2.048409090909091,26123.428571428572,26123.428571428572,8.87310617924495,7.145406308619361,6,1789,0
1789-11-01,6.8248181818181815,1.7075,26454.571428571428,26454.571428571428,9.060722845911616,7.051182435654349,11,1789,0
1790-04-01,8.14636507936508,3.4273809523809526,26774.666666666668,26774.666666666668,9.267975996464767,6.978291162329327,4,1790,0
1790-09-01,15.01525,2.58965625,27092.285714285714,27092.285714285714,9.293130758369529,7.0002144353472,9,1790,0
1791-02-01,4.482787878787879,2.5449848484848485,27414.833333333332,27414.833333333332,9.6705133792209,6.55915540600859,2,1791,0
1791-07-01,19.282823529411765,2.2746470588235295,27750.0,27750.0,9.813837959052833,6.762916945149904,7,1791,0
1791-12-01,4.532514705882353,2.3238529411764706,28093.285714285714,28093.285714285714,10.214941863114458,6.231656129916724,12,1791,0
1792-05-01,13.791701492537314,1.8811641791044775,28422.571428571428,28422.571428571428,10.259620112492566,6.257307009877044,5,1792,0
1792-10-01,9.548229508196721,2.2858852459016394,28761.666666666668,28761.666666666668,10.121922025060872,6.25289673320553,10,1792,0
1793-03-01,4.186633333333334,3.9868333333333337,29057.166666666668,29057.166666666668,10.152776886171983,6.219779281504075,3,1793,0
1793-08-01,18.90808333333333,5.2032,29357.0,29357.0,10.224502916637933,6.323198537610892,8,1793,0
1794-01-01,1.7467833333333331,5.388966666666667,29652.0,29652.0,10.28113808688883,6.236167021849793,1,1794,0
1794-06-01,16.994566666666667,4.827383333333334,29957.333333333332,29957.333333333332,10.288379753555496,6.244606278765758,6,1794,0
1794-11-01,5.909416666666667,2.9328,30251.666666666668,30251.666666666668,10.212096293959537,6.296141764499564,11,1794,0
1795-04-01,10.146899999999999,2.7495166666666666,30556.5,30556.5,10.37880753734578,6.262869700553137,4,1795,0
1795-09-01,15.283661016949152,4.290949152542373,30850.0,30850.0,10.401175122091542,6.281385855973604,9,1795,0
1796-02-01,3.2177301587301588,1.7588412698412699,31147.166666666668,31147.166666666668,10.295753645420065,6.39925493329921,2,1796,0
1796-07-01,19.251833333333334,2.8733939393939396,31465.5,31465.5,10.293171129080198,6.3953033829430534,7,1796,0
1796-12-01,-0.1492878787878787,4.994939393939394,31794.0,31794.0,9.90302091369101,6.901463220195129,12,1796,0
1797-05-01,14.299621212121211,3.1324848484848484,32119.428571428572,32119.428571428572,9.945347556989669,6.928983261238997,5,1797,0
1797-10-01,11.140015873015873,2.5023174603174603,32435.333333333332,32435.333333333332,10.077996420724599,6.935922828866262,10,1797,0
1798-03-01,6.285125,2.2635625,32754.5,32754.5,10.252870726280154,6.798984032938107,3,1798,0
1798-08-01,20.075,5.3315,33068.833333333336,33068.833333333336,10.35011378183571,6.940893748684133,8,1798,0
1799-01-01,-0.24823076923076914,2.7168153846153844,33386.0,33386.0,10.183862606622036,7.185288033156365,1,1799,0
1799-06-01,17.093984615384613,3.3517076923076923,33706.833333333336,33706.833333333336,10.192147435681862,7.193907005460729,6,1799,0
1799-11-01,7.0020468750000004,2.63434375,34036.0,34036.0,10.283199953042974,7.141496851321387,11,1799,0
1800-04-01,12.337784615384615,2.183107692307692,34360.142857142855,34360.142857142855,10.465773670991693,7.165659853898306,4,1800,0
1800-09-01,15.66876923076923,2.9293692307692307,34685.166666666664,34685.166666666664,10.497866022143366,7.190019963609705,9,1800,0
1801-02-01,2.7845999999999997,1.5666153846153845,35010.71428571428,35010.71428571428,10.461771842249187,7.230860120526946,2,1801,0
1801-07-01,19.80383076923077,3.2699076923076924,35325.5,35325.5,10.507771628573972,7.293348221763751,7,1801,0
1801-12-01,3.525875,4.6630625,35646.833333333336,35646.833333333336,10.814035201806297,6.8700311352749655,12,1801,0
1802-05-01,13.163640625,2.483140625,35968.333333333336,35968.333333333336,10.719370152879527,6.8253165357676755,5,1802,0
1802-10-01,12.85415625,3.651453125,36288.833333333336,36288.833333333336,10.86221518429487,6.852802455069349,10,1802,0
1803-03-01,4.50765,3.1146666666666665,36611.333333333336,36611.333333333336,10.714092267628205,6.9787819705371055,3,1803,0
1803-08-01,20.456557142857143,2.5549142857142857,36948.28571428572,36948.28571428572,10.745888696199634,7.02601834632522,8,1803,0
1804-01-01,5.833197183098592,4.581169014084508,37294.625,37294.625,11.252674358893747,6.34748458711062,1,1804,0
1804-06-01,18.81949295774648,1.791450704225352,37649.42857142857,37649.42857142857,11.396466720757234,6.5093212164980665,6,1804,0
1804-11-01,6.363538461538462,4.35823076923077,37994.28571428572,37994.28571428572,11.343257686302108,6.550984356016879,11,1804,0
1805-04-01,8.23146875,3.38015625,38317.0,38317.0,11.001064697520055,6.601365908473512,4,1805,0
1805-09-01,16.241796875,2.985125,38639.0,38639.0,11.048817001205954,6.640158782256713,9,1805,0
1806-02-01,3.4879687500000003,3.782640625,38957.166666666664,38957.166666666664,11.107431063705953,6.563235839433445,2,1806,0
1806-07-01,18.8823125,1.883765625,39278.333333333336,39278.333333333336,11.030637874603391,6.456760788702076,7,1806,0
1806-12-01,5.2545,2.753375,39597.0,39597.0,11.174689957936721,6.291268477512577,12,1806,0
1807-05-01,13.631428571428572,2.041174603174603,39911.28571428572,39911.28571428572,11.21367228680577,6.3061445793550455,5,1807,0
1807-10-01,11.803546875,1.782828125,40229.0,40229.0,11.126121505555771,6.288567091720348,10,1807,0
1808-03-01,1.0730333333333335,5.002283333333334,40540.5,40540.5,10.839903450000216,6.6829784062501405,3,1808,0
1808-08-01,19.144383333333334,2.30615,40841.666666666664,40841.666666666664,10.730555632539899,6.520074446762706,8,1808,0
1809-01-01,-1.1758823529411766,4.259029411764707,41161.71428571428,41161.71428571428,10.14646567120325,7.2695522647496205,1,1809,1
1809-06-01,17.39079411764706,1.9618382352941177,41501.71428571428,41501.71428571428,10.027407434528298,7.124854610263857,6,1809,0
1809-11-01,4.3309411764705885,3.3746323529411764,41844.833333333336,41844.833333333336,9.85802432743931,7.243056798979825,11,1809,0
1810-04-01,7.901611940298507,3.861537313432836,42185.42857142857,42185.42857142857,9.830536259964186,7.25041308529473,4,1810,0
1810-09-01,15.676985074626865,2.0519253731343285,42516.666666666664,42516.666666666664,9.78346860993309,7.206710923513339,9,1810,0
1811-02-01,1.6123823529411767,4.752455882352941,42858.857142857145,42858.857142857145,9.627169743511521,7.374055784185032,2,1811,0
1811-07-01,19.746029411764706,3.1620882352941173,43199.28571428572,43199.28571428572,9.699146152825248,7.476114523733978,7,1811,0
1811-12-01,2.175605633802817,2.9772535211267606,43541.57142857143,43541.57142857143,9.442571622308815,7.692227415520155,12,1811,0
1812-05-01,12.586397260273973,3.071013698630137,43905.75,43905.75,9.355485679712599,7.646271214233905,5,1812,0
1812-10-01,10.44713698630137,3.6087945205479453,44268.28571428572,44268.28571428572,9.242451522321046,7.616760684702345,10,1812,0
1813-03-01,3.7679610389610385,7.343688311688313,44646.625,44646.625,9.467028831123354,7.390355567178508,3,1813,0
1813-08-01,18.33016883116883,1.6363376623376624,45028.0,45028.0,9.399177622609647,7.296572822930397,8,1813,0
1814-01-01,-0.7696438356164383,3.760356164383562,45404.71428571428,45404.71428571428,9.433030832386708,7.243799909694728,1,1814,1
1814-06-01,16.8537397260274,1.930904109589041,45768.25,45768.25,9.388276299751736,7.191635904490025,6,1814,0
1814-11-01,6.351473684210526,6.373407894736842,46131.142857142855,46131.142857142855,9.556654008730064,7.085331940336419,11,1814,0
1815-04-01,9.29895945945946,2.415,46503.75,46503.75,9.67309963532681,7.067118115079091,4,1815,0
1815-09-01,15.409432432432432,1.7250945945945946,46878.375,46878.375,9.650803581810607,7.04684746535738,9,1815,0
1816-02-01,-0.4983521126760564,2.81443661971831,47239.57142857143,47239.57142857143,9.474909043009172,7.287951015159333,2,1816,1
1816-07-01,18.05215789473684,2.3263026315789475,47628.875,47628.875,9.33375308325685,7.084494683771782,7,1816,0
1816-12-01,1.916974025974026,2.3935324675324674,48019.0,48019.0,9.312200449271117,7.108603472696373,12,1816,0
1817-05-01,13.593987951807229,2.773686746987952,48416.25,48416.25,9.396166340232222,7.1565825570963595,5,1817,0
1817-10-01,9.176180722891567,3.290843373493976,48826.555555555555,48826.555555555555,9.290253318281405,7.149015548350996,10,1817,0
1818-03-01,6.564166666666667,2.5004871794871795,49243.0,49243.0,9.52327045392354,6.996602610644446,3,1818,0
1818-08-01,18.617525,1.7771750000000002,49637.875,49637.875,9.547216801326138,7.029897546098787,8,1818,0
1819-01-01,1.4985632183908046,3.319436781609195,50035.555555555555,50035.555555555555,9.73623405582674,6.752296144283193,1,1819,0
1819-06-01,18.48695238095238,2.1605714285714286,50463.875,50463.875,9.872335110403823,6.923099921125622,6,1819,0
1819-11-01,7.1154320987654325,2.401320987654321,50874.5,50874.5,9.935998311616732,6.891218725118394,11,1819,0
1820-04-01,11.488367816091955,1.6746091954022988,51291.444444444445,51291.444444444445,10.118449008002772,6.9017943924458836,4,1820,0
1820-09-01,15.703670588235292,2.2223647058823532,51717.125,51717.125,10.142968854319678,6.92279110829464,9,1820,0
1821-02-01,2.541352272727273,4.639784090909091,52165.11111111111,52165.11111111111,10.39627755310329,6.543228860907079,2,1821,0
1821-07-01,18.893500000000003,2.307215909090909,52600.444444444445,52600.444444444445,10.466389395208552,6.636562504586203,7,1821,0
1821-12-01,4.210314606741573,2.1898539325842696,53042.875,53042.875,10.657501110272515,6.396670049910534,12,1821,0
1822-05-01,15.298333333333332,2.008471264367816,53480.555555555555,53480.555555555555,10.799529892066358,6.48609398955983,5,1822,0
1822-10-01,11.828770114942529,1.6625632183908046,53913.125,53913.125,11.020579008070603,6.470922991818767,10,1822,0
1823-03-01,6.203086021505377,2.105032258064516,54364.6,54364.6,10.990488954307162,6.4943265506377195,3,1823,0
1823-08-01,19.46642857142857,2.084967032967033,54827.333333333336,54827.333333333336,11.061230918592877,6.588894729040514,8,1823,0
1824-01-01,7.598008547008547,1.4123418803418804,55294.25,55294.25,11.569518029311022,5.992403505208941,1,1824,0
1824-06-01,17.792795454545455,3.151977272727273,55865.625,55865.625,11.51167161877711,5.922499678631321,6,1824,0
1824-11-01,11.80451282051282,1.918068376068376,56441.083333333336,56441.083333333336,11.902428345589392,5.758492314477036,11,1824,0
1825-04-01,15.466439393939394,2.4451363636363634,57076.0,57076.0,12.233934310410014,5.846323983098932,4,1825,0
1825-09-01,19.389166666666664,2.1744696969696973,57736.61538461538,57736.61538461538,12.54105898361263,6.134855104791302,9,1825,0
1826-02-01,8.187983606557378,2.1420819672131146,58352.61538461538,58352.61538461538,13.011611594765137,5.4797064664324076,2,1826,0
1826-07-01,22.74010655737705,1.5812459016393443,58929.333333333336,58929.333333333336,13.332162141213223,5.947596792997867,7,1826,0
1826-12-01,10.294368852459016,2.723926229508197,59542.416666666664,59542.416666666664,13.839166661689676,5.326165483641836,12,1826,0
1827-05-01,18.355065573770492,2.5182540983606554,60152.916666666664,60152.916666666664,14.093894348392775,5.473356686768551,5,1827,0
1827-10-01,15.472147540983608,1.3931065573770491,60736.25,60736.25,14.397509133896198,5.437216688048649,10,1827,0
1828-03-01,11.411983606557376,2.2623278688524593,61345.583333333336,61345.583333333336,14.831583932650531,4.9054730084160765,3,1828,0
1828-08-01,21.42399180327869,2.2889672131147543,61955.833333333336,61955.833333333336,14.994714201971375,5.102219113369572,8,1828,0
1829-01-01,6.507377049180327,1.7477704918032788,62536.75,62536.75,14.90382824381902,5.253427911196205,1,1829,0
1829-06-01,17.932978723404254,2.6580851063829787,63132.444444444445,63132.444444444445,14.915510182890587,5.260587043549779,6,1829,0
1829-11-01,10.301614754098361,2.9436393442622952,63702.692307692305,63702.692307692305,14.790268677356051,5.35836676009845,11,1829,0
1830-04-01,11.310106382978724,1.82418085106383,64211.444444444445,64211.444444444445,14.443907593109328,5.444327894424381,4,1830,0
1830-09-01,15.662627659574468,2.808968085106383,64683.11111111111,64683.11111111111,14.133362675851643,5.23901623303694,9,1830,0
1831-02-01,3.4277127659574465,5.047723404255319,65153.22222222222,65153.22222222222,13.736673439134984,5.8720854395224205,2,1831,0
1831-07-01,20.381510638297872,1.9351382978723404,65626.88888888889,65626.88888888889,13.54012377921172,5.5753005117742545,7,1831,0
1831-12-01,3.5290208333333335,4.007572916666667,66094.2,66094.2,12.976344777617912,6.2362345118834694,12,1831,0
1832-05-01,14.546759999999999,2.3559300000000003,66589.3,66589.3,12.658985979803704,6.03115997472818,5,1832,0
1832-10-01,11.357065217391304,2.313271739130435,67061.33333333333,67061.33333333333,12.316062452837679,5.97337850349771,10,1832,0
1833-03-01,5.54721,2.753,67548.1,67548.1,11.827331318957897,6.285824352677496,3,1833,0
1833-08-01,18.32474,2.11735,68045.1,68045.1,11.56906033535134,5.90798724397995,8,1833,0
1834-01-01,2.6982254901960783,2.5011176470588237,68548.1,68548.1,11.25163103876932,6.294365322080486,1,1834,0
1834-06-01,18.654139999999998,2.73472,69050.6,69050.6,11.311727811818963,6.366979985251001,6,1834,0
1834-11-01,7.401190000000001,2.48376,69548.8,69548.8,11.070025748977436,6.463138235764146,11,1834,0
1835-04-01,10.68083962264151,2.4704716981132075,70066.72727272728,70066.72727272728,11.017586852282667,6.463566025852014,4,1835,0
1835-09-01,15.803495327102803,1.8721028037383178,70605.09090909091,70605.09090909091,11.029325824576695,6.47289035946592,9,1835,0
1836-02-01,4.265472222222222,2.0609444444444445,71134.90909090909,71134.90909090909,11.099139112598762,6.38740318112878,2,1836,0
1836-07-01,19.91295145631068,2.026349514563107,71651.81818181818,71651.81818181818,11.060092514099827,6.326644124279198,7,1836,0
1836-12-01,4.335135922330097,2.5093980582524273,72166.5,72166.5,11.127268771516226,6.243138293967662,12,1836,0
1837-05-01,13.696585858585859,1.9390101010101009,72658.9,72658.9,11.05642092639838,6.205516390204008,5,1837,0
1837-10-01,11.981981818181819,2.521309090909091,73196.27272727272,73196.27272727272,11.10849730979759,6.210888554043202,10,1837,0
1838-03-01,6.301266666666667,1.8311619047619048,73735.6,73735.6,11.171335365353144,6.153052970219688,3,1838,0
1838-08-01,19.533639639639638,3.0734414414414415,74278.90909090909,74278.90909090909,11.27207700198978,6.289210224866068,8,1838,0
1839-01-01,2.741849056603774,1.9254150943396227,74824.6,74824.6,11.275712299190422,6.283814115700802,1,1839,0
1839-06-01,19.49106956521739,1.5309217391304348,75384.36363636363,75384.36363636363,11.345456429625203,6.377104265866886,6,1839,0
1839-11-01,9.083844827586208,2.0093793103448276,75958.72727272728,75958.72727272728,11.48567766525739,6.30053210181963,11,1839,0
1840-04-01,12.018890756302522,2.4900084033613443,76558.18181818182,76558.18181818182,11.597181926395805,6.2968325800231595,4,1840,0
1840-09-01,17.530218487394958,1.5838235294117646,77155.5,77155.5,11.74107552308682,6.420213051919507,9,1840,0
1841-02-01,4.994512195121952,1.6714878048780486,77753.84615384616,77753.84615384616,11.801828854161798,6.346063005531396,2,1841,0
1841-07-01,21.31990909090909,1.7588347107438018,78369.16666666667,78369.16666666667,11.919075323711665,6.520152348209789,7,1841,0
1841-12-01,6.274206611570247,2.1326363636363634,78972.0,78972.0,12.08066454781501,6.336555747033179,12,1841,0
1842-05-01,16.352826446280993,1.5169256198347107,79575.41666666667,79575.41666666667,12.302017930122938,6.443626335405486,5,1842,0
1842-10-01,12.368570247933883,1.5122727272727274,80175.33333333333,80175.33333333333,12.334233632602277,6.442847166600318,10,1842,0
1843-03-01,8.9469296875,1.733296875,80800.30769230769,80800.30769230769,12.554705551005055,6.260314535640376,3,1843,0
1843-08-01,21.2655234375,1.9006328125,81435.53846153847,81435.53846153847,12.69902920082675,6.452834432769216,8,1843,0
1844-01-01,4.41856,1.4274559999999998,82074.0,82074.0,12.838755112776438,6.2320013433577595,1,1844,0
1844-06-01,19.61755737704918,1.4013196721311474,82672.38461538461,82672.38461538461,12.84929576376242,6.244370464519645,6,1844,0
1844-11-01,9.208896000000001,1.271144,83298.46153846153,83298.46153846153,12.859716694796903,6.237615905408279,11,1844,0
1845-04-01,14.49751724137931,1.467296551724138,83995.26666666666,83995.26666666666,13.066268901886636,6.248271110823906,4,1845,0
1845-09-01,18.86226206896552,1.3663793103448276,84726.78571428571,84726.78571428571,13.177272533684182,6.345855052591566,9,1845,0
1846-02-01,9.73013698630137,1.6664315068493152,85377.71428571429,85377.71428571429,13.571907932949133,5.923949629773028,2,1846,0
1846-07-01,23.279643835616437,1.9577808219178083,86107.07142857143,86107.07142857143,13.735219161674744,6.178507756732354,7,1846,0
1846-12-01,8.738715277777779,1.3839861111111111,86831.13333333333,86831.13333333333,13.940594883858708,5.944483551555479,12,1846,0
1847-05-01,18.207213793103445,1.2734137931034484,87556.5,87556.5,14.095127162760578,6.036286823304216,5,1847,0
1847-10-01,15.526027586206895,1.2004137931034482,88280.2,88280.2,14.35824860761666,6.022986477955044,10,1847,0
1848-03-01,11.348739726027397,1.1886164383561644,89003.13333333333,89003.13333333333,14.558399444160612,5.864640376594782,3,1848,0
1848-08-01,22.036986486486487,1.600777027027027,89749.26666666666,89749.26666666666,14.622688031576152,5.948477496825221,8,1848,0
1849-01-01,9.058185185185184,1.4708518518518519,90489.29411764706,90489.29411764706,15.009323463674917,5.34512394096493,1,1849,0
1849-06-01,21.730864197530863,1.5900987654320988,91295.23529411765,91295.23529411765,15.185432365381724,5.5419472068646884,6,1849,0
1849-11-01,13.362604938271605,1.740327160493827,92110.0,92110.0,15.531574776904357,5.257124216925818,11,1849,0
1850-04-01,16.57401081081081,1.8059513513513514,93001.31578947368,93001.31578947368,15.704615907690316,5.254167042857534,4,1850,0
1850-09-01,20.280816216216216,1.1526972972972973,93924.27777777778,93924.27777777778,15.822828753294539,5.346810205570313,9,1850,0
1851-02-01,11.177410404624277,1.1472485549132947,94816.05882352941,94816.05882352941,15.943434871488115,5.211496397876933,2,1851,0
1851-07-01,23.08106936416185,1.679208092485549,95675.55555555556,95675.55555555556,15.9268869988669,5.186338872956322,7,1851,0
1851-12-01,11.18665317919075,2.899416184971098,96538.70588235294,96538.70588235294,16.130881823984648,4.919163429114886,12,1851,0
1852-05-01,18.8084076433121,1.3173566878980891,97336.125,97336.125,16.180981311502034,4.945224765818775,5,1852,0
1852-10-01,16.309358490566037,1.3781949685534591,98126.5625,98126.5625,16.2462588868653,4.940961538780812,10,1852,0
1853-03-01,12.177604790419162,1.68237125748503,98941.11764705883,98941.11764705883,16.315330975564613,4.871579088674616,3,1853,0
1853-08-01,22.264958333333333,1.1799642857142858,99778.23529411765,99778.23529411765,16.334328629468516,4.896301980899192,8,1853,0
1854-01-01,9.636143712574851,1.9333293413173651,100606.0,100606.0,16.38249184008432,4.820477959993023,1,1854,0
1854-06-01,20.84002395209581,1.4623532934131735,101428.64705882352,101428.64705882352,16.308255152964733,4.736756255053805,6,1854,0
1854-11-01,13.36475294117647,1.3703529411764706,102270.23529411765,102270.23529411765,16.308434153206807,4.736634859520691,11,1854,0
1855-04-01,16.14520467836257,1.6060116959064326,103118.23529411765,103118.23529411765,16.272700308836118,4.736066623892987,4,1855,0
1855-09-01,19.465668571428573,1.0172342857142858,103989.4705882353,103989.4705882353,16.20477133843715,4.678852605890971,9,1855,0
1856-02-01,12.636452261306532,1.6736984924623115,104897.3,104897.3,16.326358159827336,4.553614164993633,2,1856,0
1856-07-01,22.17334065934066,1.1332747252747253,105867.38888888889,105867.38888888889,16.25071410109224,4.437257939232774,7,1856,0
1856-12-01,11.729505494505494,1.7789725274725277,106764.8947368421,106764.8947368421,16.295951794035133,4.3833766049527485,12,1856,0
1857-05-01,18.988965346534656,1.2584653465346536,107708.5,107708.5,16.310998269303678,4.393084088673115,5,1857,0
1857-10-01,17.88501485148515,1.3801089108910891,108685.71428571429,108685.71428571429,16.442302966046938,4.416515495512761,10,1857,0
1858-03-01,14.557607843137255,1.3726176470588236,109684.05,109684.05,16.640636553773444,4.2581909408490555,3,1858,0
1858-08-01,21.767172972972972,1.2248216216216214,110677.11111111111,110677.11111111111,16.599154440410082,4.200452594278784,8,1858,0
1859-01-01,12.442331753554503,1.335303317535545,111657.61904761905,111657.61904761905,16.833003443825053,3.8402326414122303,1,1859,0
1859-06-01,21.477563725490196,1.3420490196078432,112669.14285714286,112669.14285714286,16.886131758274587,3.9045790086723406,6,1859,0
1859-11-01,15.515677725118483,1.6091327014218009,113729.33333333333,113729.33333333333,17.065375490269755,3.7754663201756014,11,1859,0
1860-04-01,16.283456989247313,1.286532258064516,114739.44444444444,114739.44444444444,17.076896516176816,3.7726129682860763,4,1860,0
1860-09-01,20.675671717171717,1.0649797979797981,115751.68421052632,115751.68421052632,17.17773011165541,3.857479590954101,9,1860,0
1861-02-01,13.00835436893204,1.2583592233009708,116764.8,116764.8,17.20872195395754,3.818978925640762,2,1861,0
1861-07-01,22.345606796116503,1.2661601941747573,117794.95,117794.95,17.223077465355527,3.8396055006003316,7,1861,0
1861-12-01,12.693101941747573,1.909354368932039,118788.95,118788.95,17.303377169292364,3.7225631826714802,12,1861,0
1862-05-01,18.909958333333332,1.7356666666666665,119743.5294117647,119743.5294117647,17.29679325152559,3.719379450887274,5,1862,0
1862-10-01,16.51977976190476,1.4455833333333334,120584.5294117647,120584.5294117647,17.18302366072722,3.7206309529850685,10,1862,0
1863-03-01,13.608136363636364,1.0976704545454545,121446.33333333333,121446.33333333333,17.10390103743548,3.7909692676252167,3,1863,0
1863-08-01,21.611926136363635,1.2124147727272727,122323.72222222222,122323.72222222222,17.09096380105137,3.7738346130312395,8,1863,0
1864-01-01,10.537821428571428,1.4592040816326532,123213.15,123213.15,16.932254607302777,4.019178300173628,1,1864,0
1864-06-01,21.252867346938775,1.2533571428571428,124193.65,124193.65,16.913529909090162,3.996537005374456,6,1864,0
1864-11-01,14.707474489795919,1.42175,125176.95,125176.95,16.846179639479946,4.028914194663439,11,1864,0
1865-04-01,16.15211049723757,1.4824861878453037,126102.5,126102.5,16.835234098479134,4.030759944164382,4,1865,0
1865-09-01,20.211447513812153,1.0750110497237568,127002.11111111111,127002.11111111111,16.79654874819917,3.9925974713344727,9,1865,0
1866-02-01,11.629137362637364,1.2971428571428572,127915.72222222222,127915.72222222222,16.681613997674614,4.129080725989918,2,1866,0
1866-07-01,22.01450857142857,1.2004914285714285,128814.94444444444,128814.94444444444,16.65402247895062,4.088700601216419,7,1866,0
1866-12-01,11.399120689655174,1.386551724137931,129684.11764705883,129684.11764705883,16.546190707942923,4.217687514754784,12,1866,0
1867-05-01,18.667143646408842,1.0181381215469614,130595.55555555556,130595.55555555556,16.525956150699212,4.205882227482271,5,1867,0
1867-10-01,17.18135359116022,1.0990441988950277,131496.55555555556,131496.55555555556,16.58108730313717,4.210127754005466,10,1867,0
1868-03-01,13.550075675675677,1.1595621621621621,132405.1052631579,132405.1052631579,16.57624891247378,4.213886632124312,3,1868,0
1868-08-01,22.319575916230367,1.0790942408376962,133333.0,133333.0,16.635219727462673,4.294936504102421,8,1868,0
1869-01-01,11.298141361256546,1.5767068062827225,134284.15789473685,134284.15789473685,16.698579721853097,4.201398478450853,1,1869,0
1869-06-01,21.190497354497353,1.117216931216931,135214.94736842104,135214.94736842104,16.69338222248298,4.1952863701201615,6,1869,0
1869-11-01,14.48252105263158,1.1035473684210526,136152.68421052632,136152.68421052632,16.674636102719287,4.2054571212566625,11,1869,0
1870-04-01,15.96468108108108,1.3474054054054054,137096.26315789475,137096.26315789475,16.659016984706245,4.207921547274717,4,1870,0
1870-09-01,20.220214659685865,1.0296439790575918,138017.94736842104,138017.94736842104,16.65974758019572,4.208595112592655,9,1870,0
1871-02-01,10.570370165745857,1.8068618784530386,138956.72222222222,138956.72222222222,16.57151698045476,4.3329085707678505,2,1871,0
1871-07-01,22.130845303867403,1.0700386740331491,139864.0,139864.0,16.581211708157998,4.346303650063538,7,1871,0
1871-12-01,10.550867403314918,1.227303867403315,140765.0,140765.0,16.51052393429631,4.444045388633031,12,1871,0
1872-05-01,19.191624309392267,1.230779005524862,141674.72222222222,141674.72222222222,16.554230656211594,4.4696888328415785,5,1872,0
1872-10-01,17.57192817679558,0.8783591160220995,142565.05555555556,142565.05555555556,16.586778538347875,4.4760881214312915,10,1872,0
1873-03-01,14.923865000000001,1.092475,143478.45,143478.45,16.701260982041568,4.408416083108345,3,1873,0
1873-08-01,22.474228155339805,0.8998058252427185,144469.7142857143,144469.7142857143,16.71414866863402,4.426522852025599,8,1873,0
1874-01-01,11.870830000000002,1.592465,145443.1,145443.1,16.761872721862645,4.365488827193322,1,1874,0
1874-06-01,21.23403664921466,1.1543769633507852,146445.15789473685,146445.15789473685,16.765500996422418,4.369520420820711,6,1874,0
1874-11-01,15.09579512195122,1.0243463414634146,147465.45,147465.45,16.81660716886572,4.343902455593379,11,1874,0
1875-04-01,16.623702970297032,0.9849158415841585,148478.45,148478.45,16.87152565963372,4.336311959006499,4,1875,0
1875-09-01,20.534146017699115,0.9253849557522124,149594.72727272726,149594.72727272726,16.897686606134823,4.359237554172992,9,1875,0
1876-02-01,13.793477876106195,1.0154601769911504,150725.31818181818,150725.31818181818,17.166278915331517,4.020040130406746,2,1876,0
1876-07-01,22.434926267281107,1.0091612903225806,151844.31818181818,151844.31818181818,17.191618995615993,4.0549853626894965,7,1876,0
1876-12-01,13.420375565610861,1.4396153846153845,152934.36363636365,152934.36363636365,17.430744675807322,3.6965400458275073,12,1876,0
1877-05-01,19.6982,1.0287954545454545,154031.72727272726,154031.72727272726,17.4729593166913,3.721287204801911,5,1877,0
1877-10-01,18.464004524886878,1.0057963800904977,155135.81818181818,155135.81818181818,17.547299012365574,3.73233806994573,10,1877,0
1878-03-01,16.413405405405406,1.1091126126126127,156243.18181818182,156243.18181818182,17.67142737948269,3.661249620607933,3,1878,0
1878-08-01,22.54024886877828,0.9960452488687783,157346.4090909091,157346.4090909091,17.676929105602564,3.6691638978555057,8,1878,0
1879-01-01,12.123391304347825,1.0557874396135265,158446.95,158446.95,17.69797588096488,3.6333816015516818,1,1879,0
1879-06-01,21.546601941747575,0.9818495145631068,159480.0,159480.0,17.72402298867596,3.662042845990548,6,1879,0
1879-11-01,14.912053140096619,0.951159420289855,160504.8,160504.8,17.708711156854744,3.674394386069161,11,1879,0
1880-04-01,17.580547085201793,0.9259147982062781,161571.81818181818,161571.81818181818,17.78844816643014,3.659058529236415,4,1880,0
1880-09-01,20.815995495495496,1.0106261261261262,162686.13636363635,162686.13636363635,17.811935622913172,3.6791348876416157,9,1880,0
1881-02-01,13.647235294117648,1.0436244343891403,163798.18181818182,163798.18181818182,17.79974874108079,3.6938685395322772,2,1881,0
1881-07-01,22.60423148148148,0.8468796296296296,164889.7619047619,164889.7619047619,17.813857508930823,3.713453522191759,7,1881,0
1881-12-01,13.312348623853211,1.1747201834862386,165963.95454545456,165963.95454545456,17.80485526378435,3.7251849721908776,12,1881,0
1882-05-01,19.916278538812787,0.8522557077625571,167056.0909090909,167056.0909090909,17.823028475352086,3.735778178836205,5,1882,0
1882-10-01,18.319593607305936,0.7963607305936072,168157.86363636365,168157.86363636365,17.810994232220338,3.733757714473065,10,1882,0
1883-03-01,15.30521052631579,1.009732456140351,169276.4347826087,169276.4347826087,17.71864465896287,3.7848233956880897,3,1883,0
1883-08-01,22.222706140350876,1.0894912280701754,170418.1739130435,170418.1739130435,17.692182764927253,3.7489885835080323,8,1883,0
1884-01-01,13.293898678414097,0.9321762114537445,171546.9090909091,171546.9090909091,17.78972504609944,3.6033237182920486,1,1884,0
1884-06-01,21.132127753303966,1.020488986784141,172679.39130434784,172679.39130434784,17.755185530395806,3.5658299571602896,6,1884,0
1884-11-01,15.113900452488688,0.9543257918552036,173796.31818181818,173796.31818181818,17.772006139761814,3.551647069848687,11,1884,0
1885-04-01,17.431162895927603,0.9557420814479638,174894.0909090909,174894.0909090909,17.7595574573223,3.5526408091519883,4,1885,0
1885-09-01,20.63010138248848,0.7862258064516129,175988.80952380953,175988.80952380953,17.74406628123838,3.5384787837566063,9,1885,0
1886-02-01,13.217166666666667,1.1972763157894737,177096.78260869565,177096.78260869565,17.7082272289508,3.585609316362009,2,1886,0
1886-07-01,22.356663755458516,0.8620698689956331,178235.34782608695,178235.34782608695,17.687596585115553,3.55546356629796,7,1886,0
1886-12-01,13.811026431718062,1.1780925110132159,179384.78260869565,179384.78260869565,17.72915306910429,3.5021916647013294,12,1886,0
1887-05-01,19.903298245614035,0.8211052631578947,180520.60869565216,180520.60869565216,17.72807137800439,3.5014566632002473,5,1887,0
1887-10-01,18.389035087719297,0.729592105263158,181654.86363636365,181654.86363636365,17.73385816803884,3.50258033509192,10,1887,0
1888-03-01,15.288152466367714,0.9550941704035874,182784.04545454544,182784.04545454544,17.732436663043167,3.5036588901645658,3,1888,0
1888-08-01,22.10349773755656,0.7494570135746607,183895.22727272726,183895.22727272726,17.722502629476974,3.4899121182336037,8,1888,0
1889-01-01,12.656144736842105,1.0507763157894736,185006.78260869565,185006.78260869565,17.66935646767931,3.567478198820554,1,1889,0
1889-06-01,22.180355263157896,0.6893333333333334,186147.0,186147.0,17.756708760167133,3.671297365062798,6,1889,0
1889-11-01,15.927276315789474,0.9618552631578947,187285.47826086957,187285.47826086957,17.824490082108866,3.62528899658101,11,1889,0
1890-04-01,18.10618376068376,0.9641239316239316,188444.79166666666,188444.79166666666,17.880741820838548,3.623867815067251,4,1890,0
1890-09-01,20.904747863247863,0.8640897435897436,189608.13043478262,189608.13043478262,17.903629027568496,3.643623895449451,9,1890,0
1891-02-01,13.705533898305085,0.9521483050847457,190781.86956521738,190781.86956521738,17.944326296871697,3.5888355169867787,2,1891,0
1891-07-01,22.456656779661017,0.6647330508474577,191962.13043478262,191962.13043478262,17.952659048888574,3.600110040846359,7,1891,0
1891-12-01,14.670364406779662,0.8135,193148.86956521738,193148.86956521738,18.024270546810374,3.5178443072507477,12,1891,0
1892-05-01,20.128542372881356,0.737699152542373,194317.69565217392,194317.69565217392,18.043040890749317,3.529363851847514,5,1892,0
1892-10-01,18.914792372881358,0.6806567796610169,195501.8260869565,195501.8260869565,18.086853997846152,3.537303862702983,10,1892,0
1893-03-01,16.171783898305087,0.7647245762711864,196688.91304347827,196688.91304347827,18.1604899505076,3.4825199988930695,3,1893,0
1893-08-01,22.399122881355932,0.7024110169491525,197857.47826086957,197857.47826086957,18.18512537915755,3.5138533217071752,8,1893,0
1894-01-01,12.978258474576272,0.8446694915254238,199036.39130434784,199036.39130434784,18.211968190635396,3.468717426209533,1,1894,0
1894-06-01,21.491737288135592,0.6243093220338982,200216.39130434784,200216.39130434784,18.15458335938354,3.4021554606274167,6,1894,0
1894-11-01,16.52747033898305,0.7815974576271186,201400.34782608695,201400.34782608695,18.204599527983003,3.3707007670418685,11,1894,0
1895-04-01,18.41238655462185,0.726235294117647,202585.70833333334,202585.70833333334,18.230116427477842,3.3710470009610236,4,1895,0
1895-09-01,21.221915611814346,0.6414430379746835,203775.33333333334,203775.33333333334,18.256547073191715,3.395081506631248,9,1895,0
1896-02-01,14.339088235294117,0.9094915966386555,204965.16666666666,204965.16666666666,18.309343267940804,3.322015767761756,2,1896,0
1896-07-01,22.66151260504202,0.6560546218487394,206154.29166666666,206154.29166666666,18.326414586722553,3.3457075320345866,7,1896,0
1896-12-01,14.439294117647059,0.7675210084033612,207345.125,207345.125,18.307158729294837,3.369244600464412,12,1896,0
1897-05-01,20.450016877637132,0.638789029535865,208531.5652173913,208531.5652173913,18.333948271357816,3.386278346871112,5,1897,0
1897-10-01,19.09792405063291,0.6926751054852321,209716.45833333334,209716.45833333334,18.34920924450378,3.3895450998192773,10,1897,0
1898-03-01,15.771169491525423,0.8466398305084746,210895.65217391305,210895.65217391305,18.315824710605476,3.414819432537892,3,1898,0
1898-08-01,22.2697805907173,0.7558565400843882,212082.33333333334,212082.33333333334,18.30504618638559,3.4009351435481157,8,1898,0
1899-01-01,13.955550847457628,0.9146313559322035,213273.39130434784,213273.39130434784,18.386487217459035,3.2709994168448477,1,1899,0
1899-06-01,21.430894514767935,0.6697974683544303,214451.25,214451.25,18.381416986345062,3.2657915417878125,6,1899,0
1899-11-01,16.918915611814345,0.7542151898734177,215634.95833333334,215634.95833333334,18.414037425747672,3.247493597459971,11,1899,0
1900-04-01,18.440466101694913,0.6873940677966102,216824.60869565216,216824.60869565216,18.416377388003763,3.2475024160594987,4,1900,0
1900-09-01,21.237207627118643,0.6835466101694916,218000.5652173913,218000.5652173913,18.41765172261245,3.2487061815007556,9,1900,0
1901-02-01,14.106783898305086,0.9257161016949152,219180.65217391305,219180.65217391305,18.398293027863364,3.2757985086324855,2,1901,0
1901-07-01,22.76056540084388,0.7966371308016877,220363.5,220363.5,18.40654742751352,3.2876210801375634,7,1901,0
1901-12-01,14.452627118644068,0.748521186440678,221548.1739130435,221548.1739130435,18.407658510929938,3.286160348580105,12,1901,0
1902-05-01,20.04804641350211,0.6784767932489452,222735.20833333334,222735.20833333334,18.37416097225202,3.265432283147736,5,1902,0
1902-10-01,18.66966806722689,0.6590126050420168,223919.91666666666,223919.91666666666,18.338472973634854,3.259137306442072,10,1902,0
1903-03-01,16.735083333333332,0.7011333333333333,225116.29166666666,225116.29166666666,18.418799127118845,3.201478628310816,3,1903,0
1903-08-01,22.226816666666664,0.6626124999999999,226322.45833333334,226322.45833333334,18.415218800114626,3.196801028961571,8,1903,0
1904-01-01,13.295466666666668,0.939925,227520.625,227520.625,18.360211785048712,3.2849770914654233,1,1904,0
1904-06-01,21.573770833333334,0.6525833333333334,228715.83333333334,228715.83333333334,18.37211814492916,3.2973541403997864,6,1904,0
1904-11-01,16.393800000000002,0.6408083333333334,229920.70833333334,229920.70833333334,18.3283585106113,3.321786948075946,11,1904,0
1905-04-01,18.149620833333334,0.6794666666666667,231116.83333333334,231116.83333333334,18.3041214049145,3.3219556618226926,4,1905,0
1905-09-01,21.312012499999998,0.6112916666666667,232315.75,232315.75,18.31035514432128,3.328024685075644,9,1905,0
1906-02-01,14.508691666666667,0.7480333333333333,233517.375,233517.375,18.343847458351412,3.2836011897279507,2,1906,0
1906-07-01,22.463854166666668,0.5925625,234715.41666666666,234715.41666666666,18.319121522169976,3.248246043286608,7,1906,0
1906-12-01,14.310958333333334,0.8917125,235920.625,235920.625,18.30731579006075,3.263796542889034,12,1906,0
1907-05-01,20.222041666666666,0.6586791666666667,237115.5,237115.5,18.32181539449113,3.2726074650586354,5,1907,0
1907-10-01,19.380669456066947,0.5948410041841005,238314.95833333334,238314.95833333334,18.3810655102278,3.2858871688582623,10,1907,0
1908-03-01,15.962225941422595,0.6979079497907951,239508.04166666666,239508.04166666666,18.316660727568575,3.3283814135095207,3,1908,0
1908-08-01,22.160612500000003,0.5800958333333334,240712.95833333334,240712.95833333334,18.311143713679684,3.321358315825834,8,1908,0
1909-01-01,13.235191666666667,0.6911791666666667,241914.375,241914.375,18.30612079701302,3.3296683136817644,1,1909,0
1909-06-01,21.373866666666668,0.5329041666666667,243111.5,243111.5,18.28946211645746,3.3122884109679527,6,1909,0
1909-11-01,16.628133333333334,0.640325,244314.54166666666,244314.54166666666,18.308989894235243,3.3007671580512103,11,1909,0
1910-04-01,18.218520833333333,0.6640916666666666,245511.83333333334,245511.83333333334,18.314731560901908,3.30052465114451,4,1910,0
1910-09-01,20.9174125,0.5682958333333333,246711.20833333334,246711.20833333334,18.281848227568574,3.2697702446456245,9,1910,0
1911-02-01,13.9980125,0.683175,247911.29166666666,247911.29166666666,18.23929163034635,3.3261795900863813,2,1911,0
1911-07-01,22.519358333333333,0.5573083333333333,249112.95833333334,249112.95833333334,18.243916977568574,3.3326206307468227,7,1911,0
1911-12-01,15.029837500000001,0.7677125,250314.375,250314.375,18.303823574790798,3.2611910894285048,12,1911,0
1912-05-01,20.607183333333335,0.6156791666666667,251511.5,251511.5,18.335918713679686,3.2836036868249763,5,1912,0
1912-10-01,18.583570833333333,0.6486541666666666,252714.54166666666,252714.54166666666,18.269493828451886,3.268575797270902,10,1912,0
1913-03-01,16.428408333333334,0.5795041666666666,253909.91666666666,253909.91666666666,18.308342361111112,3.2413165866455373,3,1913,0
1913-08-01,22.275279166666667,0.6558375000000001,255112.04166666666,255112.04166666666,18.31789791666667,3.2538504750818027,8,1913,0
1914-01-01,14.019241666666666,0.866175,256309.91666666666,256309.91666666666,18.38323541666667,3.1486835188563083,1,1914,0
1914-06-01,21.756758333333334,0.6017041666666666,257512.95833333334,257512.95833333334,18.415143055555557,3.183492241203844,6,1914,0
1914-11-01,16.566883333333333,0.6198083333333333,258714.375,258714.375,18.410038888888888,3.1866653840812647,11,1914,0
1915-04-01,18.555245833333334,0.6314791666666667,259911.5,259911.5,18.438099305555557,3.1863081546235907,4,1915,0
1915-09-01,21.182970833333336,0.565425,261114.54166666666,261114.54166666666,18.460229166666668,3.205954761168574,9,1915,0
1916-02-01,14.803525,0.7423375,262309.9166666667,262309.9166666667,18.527355208333336,3.1110600671249644,2,1916,0
1916-07-01,22.437075,0.56335,263512.0416666667,263512.0416666667,18.52049826388889,3.10153771013011,7,1916,0
1916-12-01,14.624470833333334,0.7445833333333333,264710.25,264710.25,18.486717708333334,3.1449168438324935,12,1916,0
1917-05-01,20.268633333333334,0.6029791666666667,265912.375,265912.375,18.45850520833333,3.1256245773920885,5,1917,0
1917-10-01,18.720345833333333,0.538825,267107.9166666667,267107.9166666667,18.469903125,3.126371395652036,10,1917,0
1918-03-01,16.242350000000002,0.6953125,268311.25,268311.25,18.45439826388889,3.1378566261751186,3,1918,0
1918-08-01,22.12385,0.5871083333333333,269512.5416666667,269512.5416666667,18.441779166666667,3.1213549001821534,8,1918,0
1919-01-01,14.3141125,0.6956166666666667,270711.25,270711.25,18.46635173611111,3.0843147018418886,1,1919,0
1919-06-01,21.7443625,0.5780124999999999,271914.5,271914.5,18.46531875,3.0831143517905044,6,1919,0
1919-11-01,16.424125,0.6061666666666666,273109.9166666667,273109.9166666667,18.453422222222223,3.0913699777649204,11,1919,0
1920-04-01,18.817673640167364,0.7782761506276151,274305.2916666667,274305.2916666667,18.47529120612506,3.093083541650205,4,1920,0
1920-09-01,21.25336666666667,0.5610125,275505.5833333333,275505.5833333333,18.481157525569504,3.098747328845817,9,1920,0
1921-02-01,14.615945833333335,0.5900708333333333,276705.6666666667,276705.6666666667,18.46552592834728,3.119389995131796,2,1921,0
1921-07-01,22.732945833333336,0.605,277903.9166666667,277903.9166666667,18.49018183112506,3.1546057095997964,7,1921,0
1921-12-01,14.645620833333334,0.5820624999999999,279104.25,279104.25,18.491944331125058,3.1522545969491045,12,1921,0
1922-05-01,20.65480416666667,0.5425083333333334,280299.8333333333,280299.8333333333,18.524125233902836,3.173938061712245,5,1922,0
1922-10-01,18.8010375,0.5850500000000001,281501.25,281501.25,18.53084953945839,3.1744769977186684,10,1922,0
1923-03-01,16.733733333333333,0.5740791666666667,282705.7083333333,282705.7083333333,18.571798150569503,3.14530850272834,3,1923,0
1923-08-01,22.296920833333335,0.5662541666666667,283900.25,283900.25,18.586220720013944,3.16342150620572,8,1923,0
1924-01-01,13.960087500000002,0.5763541666666666,285104.2916666667,285104.2916666667,18.556718636680614,3.208218811058522,1,1924,0
1924-06-01,22.0129625,0.5087833333333334,286303.9166666667,286303.9166666667,18.579101970013948,3.233319198256704,6,1924,0
1924-11-01,16.762887499999998,0.5540708333333334,287501.1666666667,287501.1666666667,18.60733217834728,3.214215998566032,11,1924,0
1925-04-01,18.587629166666666,0.4654833333333333,288699.8333333333,288699.8333333333,18.588161805555558,3.213533370827043,4,1925,0
1925-09-01,21.1124125,0.47152083333333333,289905.7083333333,289905.7083333333,18.576415625,3.2031466478396524,9,1925,0
1926-02-01,15.696583333333335,0.5577166666666666,291105.7083333333,291105.7083333333,18.66646875,3.0950463529615284,2,1926,0
1926-07-01,22.592108333333332,0.47791666666666666,292300.25,292300.25,18.654732291666665,3.0784469008117603,7,1926,0
1926-12-01,14.737258333333333,0.5265708333333333,293504.2916666667,293504.2916666667,18.662368750000002,3.067692592682984,12,1926,0
1927-05-01,20.561775,0.5165875,294703.9166666667,294703.9166666667,18.654616319444447,3.06231255880584,5,1927,0
1927-10-01,19.572729166666665,0.4590625,295901.1666666667,295901.1666666667,18.718923958333335,3.073748180599192,10,1927,0
1928-03-01,16.344179166666667,0.582675,297099.8333333333,297099.8333333333,18.68646111111111,3.0985772633385986,3,1928,0
1928-08-01,22.511933333333335,0.46456666666666663,298300.0833333333,298300.0833333333,18.704378819444447,3.1218869208397018,8,1928,0
1929-01-01,13.453383333333333,0.6231458333333334,299500.25,299500.25,18.662153472222222,3.1944727139749722,1,1929,0
1929-06-01,21.639733333333332,0.47825,300703.8333333333,300703.8333333333,18.63105104166667,3.1605187646399955,6,1929,0
1929-11-01,17.286854166666668,0.5159833333333333,301903.3333333333,301903.3333333333,18.674714930555556,3.1358864090641987,11,1929,0
1930-04-01,18.779420833333333,0.4858166666666667,303104.4166666667,303104.4166666667,18.690697569444445,3.135890961331162,4,1930,0
1930-09-01,21.395604166666665,0.4723,304303.5416666667,304303.5416666667,18.714296875,3.1567685822846148,9,1930,0
1931-02-01,14.665858333333334,0.611825,305500.0416666667,305500.0416666667,18.628403125000002,3.258719679898233,2,1931,0
1931-07-01,22.855079166666666,0.4952666666666667,306703.75,306703.75,18.65031736111111,3.288545714106004,7,1931,0
1931-12-01,14.691995833333333,0.5239166666666667,307900.0833333333,307900.0833333333,18.646545486111112,3.2934641846227164,12,1931,0
1932-05-01,20.651799999999998,0.468375,309099.0,309099.0,18.654047569444444,3.2983223819620084,5,1932,0
1932-10-01,19.616570833333334,0.5053,310303.5416666667,310303.5416666667,18.657701041666666,3.2994565788241843,10,1932,0
1933-03-01,16.697525,0.48205,311499.3333333333,311499.3333333333,18.687146527777777,3.2784427162270022,3,1933,0
1933-08-01,22.576162500000002,0.4613833333333333,312703.5416666667,312703.5416666667,18.692498958333335,3.2853000474772496,8,1933,0
1934-01-01,13.713433333333334,0.5904625,313900.0416666667,313900.0416666667,18.714169791666666,3.2482482955814165,1,1934,0
1934-06-01,22.076383333333336,0.45864583333333336,315100.0416666667,315100.0416666667,18.750557291666667,3.2862240856032185,6,1934,0
1934-11-01,17.134729166666666,0.46213333333333334,316304.25,316304.25,18.737880208333333,3.2926709431552816,11,1934,0
1935-04-01,18.460175,0.4510625,317504.2083333333,317504.2083333333,18.711276388888887,3.2935943717187497,4,1935,0
1935-09-01,21.452020833333332,0.4401083333333334,318699.0416666667,318699.0416666667,18.715977777777777,3.297811974271117,9,1935,0
1936-02-01,14.978254166666666,0.5203125,319904.5416666667,319904.5416666667,18.74201076388889,3.263993366700392,2,1936,0
1936-07-01,22.83029583333333,0.4790125,321099.375,321099.375,18.73994548611111,3.261160858778966,7,1936,0
1936-12-01,14.947654166666666,0.5004875,322303.5416666667,322303.5416666667,18.76125034722222,3.233025629203843,12,1936,0
1937-05-01,21.054783333333333,0.5154375,323504.0,323504.0,18.79483229166667,3.2564563075782442,5,1937,0
1937-10-01,19.576645833333334,0.41994166666666666,324704.25,324704.25,18.791505208333334,3.255560695516327,10,1937,0
1938-03-01,17.0176625,0.4519666666666666,325904.6666666667,325904.6666666667,18.818183333333334,3.238106265268352,3,1938,0
1938-08-01,22.787916666666668,0.46937500000000004,327104.0416666667,327104.0416666667,18.83582951388889,3.260943710384944,8,1938,0
1939-01-01,14.640545833333334,0.5024833333333334,328299.0,328299.0,18.91308888888889,3.137183553078248,1,1939,0
1939-06-01,22.009275000000002,0.4689375,329503.5416666667,329503.5416666667,18.907496527777777,3.1310859066217955,6,1939,0
1939-11-01,17.18155416666667,0.40867499999999995,330699.375,330699.375,18.91139861111111,3.128704040497901,11,1939,0
1940-04-01,18.8723375,0.46629583333333335,331898.25,331898.25,18.94574548611111,3.125560971215141,4,1940,0
1940-09-01,21.523612500000002,0.4412083333333333,333103.5416666667,333103.5416666667,18.951711458333335,3.130843632225616,9,1940,0
1941-02-01,15.553175000000001,0.471825,334304.5833333333,334304.5833333333,18.99962152777778,3.0682856192875754,2,1941,0
1941-07-01,23.057983333333333,0.45133333333333336,335500.0416666667,335500.0416666667,19.018595486111114,3.0947177552786607,7,1941,0
1941-12-01,14.846070833333334,0.5397333333333333,336704.6666666667,336704.6666666667,19.010130208333333,3.10698036178583,12,1941,0
1942-05-01,20.9222,0.43509166666666665,337900.4583333333,337900.4583333333,18.999081597222222,3.09927464063174,5,1942,0
1942-10-01,19.655133333333332,0.4217791666666667,339103.9166666667,339103.9166666667,19.005622222222225,3.1006868206167146,10,1942,0
1943-03-01,16.638166666666667,0.4587791666666667,340303.6666666667,340303.6666666667,18.973997569444446,3.12464844395481,3,1943,0
1943-08-01,22.736395833333333,0.43182916666666665,341503.6666666667,341503.6666666667,18.969704166666666,3.1189617663235625,8,1943,0
1944-01-01,14.564087500000001,0.46290000000000003,342700.0416666667,342700.0416666667,18.96333263888889,3.1286724846725353,1,1944,0
1944-06-01,22.047325,0.4340333333333334,343900.0416666667,343900.0416666667,18.96650347222222,3.132057558477688,6,1944,0
1944-11-01,17.112841666666668,0.4349166666666667,345099.6666666667,345099.6666666667,18.960777430555556,3.1356781876439075,11,1944,0
1945-04-01,18.993279166666664,0.39481666666666665,346304.0416666667,346304.0416666667,18.970855902777778,3.135562447667217,4,1945,0
1945-09-01,21.651275000000002,0.385875,347503.9166666667,347503.9166666667,18.981494444444444,3.1452127062727566,9,1945,0
1946-02-01,15.359833333333334,0.48009583333333333,348703.3333333333,348703.3333333333,18.96538263888889,3.164805502453152,2,1946,0
1946-07-01,22.910216666666667,0.4445,349899.375,349899.375,18.95306875,3.1476751598624584,7,1946,0
1946-12-01,14.582429166666666,0.45979166666666665,351098.5833333333,351098.5833333333,18.93109861111111,3.17970430683605,12,1946,0
1947-05-01,21.111075000000003,0.4128125,352303.625,352303.625,18.946838194444442,3.1909040293466093,5,1947,0
1947-10-01,19.3993,0.39385416666666667,353504.7083333333,353504.7083333333,18.92551875,3.1865932111480126,10,1947,0
1948-03-01,16.756219008264463,0.4376694214876033,354707.0,354707.0,18.935356445133152,3.1790630363520456,3,1948,0
1948-08-01,22.50221074380165,0.3786404958677686,355914.7083333333,355914.7083333333,18.91584102100551,3.154230040265308,8,1948,0
1949-01-01,14.420075,0.45619166666666666,357123.5,357123.5,18.903839979338844,3.1725135392513413,1,1949,0
1949-06-01,21.764710743801654,0.41532231404958675,358333.5833333333,358333.5833333333,18.880288791322315,3.1480107900706975,6,1949,0
1949-11-01,17.120863636363637,0.37455371900826445,359541.625,359541.625,18.88095728879706,3.147602167497698,11,1949,0
1950-04-01,18.64137190082645,0.3703181818181818,360754.125,360754.125,18.851631683310377,3.148099838335864,4,1950,0
1950-09-01,21.327214876033057,0.34809090909090906,361960.5,361960.5,18.8246266729798,3.123192083718834,9,1950,0
1951-02-01,14.729723140495869,0.43144628099173554,363174.0833333333,363174.0833333333,18.772117490243343,3.191294581890995,2,1951,0
1951-07-01,22.5912479338843,0.38278925619834714,364380.375,364380.375,18.74553676251148,3.154814305485619,7,1951,0
1951-12-01,15.22880991735537,0.41056198347107437,365586.9583333333,365586.9583333333,18.799401825068873,3.081948495710773,12,1951,0
1952-05-01,20.76653305785124,0.33162809917355374,366804.0833333333,366804.0833333333,18.770689996556474,3.0599814589825436,5,1952,0
1952-10-01,19.3171652892562,0.324702479338843,368007.5833333333,368007.5833333333,18.763845437327824,3.0585390801922507,10,1952,0
1953-03-01,16.717805785123968,0.3561487603305785,369219.9166666667,369219.9166666667,18.760644335399448,3.060850531986315,3,1953,0
1953-08-01,22.654698347107438,0.3432231404958678,370427.8333333333,370427.8333333333,18.77335163567493,3.07806411302213,8,1953,0
1954-01-01,13.583772727272727,0.41349586776859504,371637.5,371637.5,18.703659779614327,3.1929139419093135,1,1954,0
1954-06-01,21.89990909090909,0.391301652892562,372850.4166666667,372850.4166666667,18.714926308539944,3.2049130931819394,6,1954,0
1954-11-01,17.09201652892562,0.33756611570247935,374056.9583333333,374056.9583333333,18.71252238292011,3.2062280059423633,11,1954,0
1955-04-01,18.215834710743803,0.3315247933884298,375274.0833333333,375274.0833333333,18.677060950413225,3.209438132378613,4,1955,0
1955-09-01,21.42853305785124,0.3449173553719008,376477.5833333333,376477.5833333333,18.685504132231404,3.217167753021927,9,1955,0
1956-02-01,13.61754958677686,0.42097933884297517,377689.9166666667,377689.9166666667,18.592823002754823,3.35457265102441,2,1956,0
1956-07-01,22.30496694214876,0.33231818181818185,378897.8333333333,378897.8333333333,18.568966253443524,3.32443454308821,7,1956,0
1956-12-01,14.561822314049587,0.42365289256198346,380107.5,380107.5,18.513383953168045,3.3902802356727237,12,1956,0
1957-05-01,20.274657024793388,0.3744297520661157,381319.625,381319.625,18.472394283746556,3.363429539638354,5,1957,0
1957-10-01,19.373995867768596,0.5075909090909091,382526.9583333333,382526.9583333333,18.477130165289257,3.364766899543563,10,1957,0
1958-03-01,16.771913223140494,0.328495867768595,383740.2083333333,383740.2083333333,18.4816391184573,3.3622302899353627,3,1958,0
1958-08-01,22.591578512396694,0.4188347107438017,384947.5833333333,384947.5833333333,18.476379132231404,3.355150236911481,8,1958,0
1959-01-01,14.341243801652894,0.42714462809917353,386159.9166666667,386159.9166666667,18.539501721763084,3.2605255776465984,1,1959,0
1959-06-01,21.996165289256197,0.3459421487603306,387367.8333333333,387367.8333333333,18.547523071625342,3.2696498380066306,6,1959,0
1959-11-01,16.911743801652893,0.3321074380165289,388577.5,388577.5,18.532500344352616,3.277350329862636,11,1959,0
1960-04-01,18.589541322314048,0.36605371900826444,389790.4166666667,389790.4166666667,18.56364256198347,3.275842924530866,4,1960,0
1960-09-01,21.28448347107438,0.2999504132231405,390996.9583333333,390996.9583333333,18.551638429752064,3.264635076880304,9,1960,0
1961-02-01,15.454264462809919,0.3562768595041322,392214.0833333333,392214.0833333333,18.70469800275482,3.048153390664807,2,1961,0
1961-07-01,22.460289256198347,0.3484710743801653,393417.5833333333,393417.5833333333,18.717641528925622,3.0651138023033413,7,1961,0
1961-12-01,14.73723966942149,0.3258719008264463,394629.9166666667,394629.9166666667,18.732259641873277,3.043836547061084,12,1961,0
1962-05-01,20.46915702479339,0.3337314049586777,395837.8333333333,395837.8333333333,18.748467975206612,3.053299563789293,5,1962,0
1962-10-01,19.529404958677684,0.4672314049586777,397047.5,397047.5,18.76141873278237,3.0565218683826227,10,1962,0
1963-03-01,16.36943388429752,0.31923553719008263,398260.4166666667,398260.4166666667,18.72787878787879,3.0824362480843757,3,1963,0
1963-08-01,22.627752066115704,0.3275289256198347,399466.9583333333,399466.9583333333,18.730893250688705,3.0865731577531315,8,1963,0
1964-01-01,13.743260330578513,0.43074380165289256,400683.375,400683.375,18.681061294765843,3.1676480178396327,1,1964,0
1964-06-01,21.97681404958678,0.43405785123966945,401890.125,401890.125,18.679448691460056,3.165811315443738,6,1964,0
1964-11-01,16.945710743801655,0.32328512396694215,403096.8333333333,403096.8333333333,18.68227926997245,3.1641018355424446,11,1964,0
1965-04-01,18.085446280991736,0.31620661157024793,404311.375,404311.375,18.64027134986226,3.1687878093579305,4,1965,0
1965-09-01,21.235256198347106,0.3106570247933884,405519.9166666667,405519.9166666667,18.636169077134987,3.1650831479282324,9,1965,0
1966-02-01,15.753326446280992,0.33081404958677685,406731.125,406731.125,18.66109090909091,3.1388196413968004,2,1966,0
1966-07-01,22.608330578512398,0.39514049586776856,407937.5,407937.5,18.673427685950415,3.1553568120929194,7,1966,0
1966-12-01,14.87446694214876,0.3397809917355372,409148.5833333333,409148.5833333333,18.68486329201102,3.1400057915737194,12,1966,0
1967-05-01,20.720512396694218,0.3779380165289256,410359.1666666667,410359.1666666667,18.705809573002757,3.153798550587759,5,1967,0
1967-10-01,19.563942148760333,0.2717107438016529,411567.5833333333,411567.5833333333,18.708687672176307,3.154634124173472,10,1967,0
1968-03-01,16.66804958677686,0.38023553719008263,412774.9166666667,412774.9166666667,18.73357231404959,3.1356244208952377,3,1968,0
1968-08-01,22.372900826446283,0.3347107438016529,413989.9166666667,413989.9166666667,18.712334710743804,3.1075890866813647,8,1968,0
1969-01-01,13.952152892561985,0.3706239669421488,415204.0833333333,415204.0833333333,18.729742424242424,3.0776644576534298,1,1969,0
1969-06-01,22.04642561983471,0.39734710743801654,416407.5,416407.5,18.73554338842975,3.084399353911652,6,1969,0
1969-11-01,17.261925619834713,0.32119008264462806,417618.75,417618.75,18.761894628099174,3.0690304790789904,11,1969,0
1970-04-01,18.858351239669425,0.3600247933884298,418831.3333333333,418831.3333333333,18.826303374655648,3.061644961435088,4,1970,0
1970-09-01,21.379256198347107,0.3049214876033058,420037.5833333333,420037.5833333333,18.83830337465565,3.0722090805671622,9,1970,0
1971-02-01,14.956016528925622,0.35999173553719005,421247.1666666667,421247.1666666667,18.7718608815427,3.1525638660843014,2,1971,0
1971-07-01,22.516710743801653,0.3167933884297521,422459.9166666667,422459.9166666667,18.764225895316805,3.1425228641109717,7,1971,0
1971-12-01,14.977103305785125,0.3655330578512397,423674.0833333333,423674.0833333333,18.772778925619836,3.1310925251060424,12,1971,0
1972-05-01,20.475652892561985,0.28923140495867766,424882.4583333333,424882.4583333333,18.752373966942148,3.1180160086679605,5,1972,0
1972-10-01,19.259888429752067,0.3564338842975207,426090.4166666667,426090.4166666667,18.727036157024795,3.1120511519266976,10,1972,0
1973-03-01,17.166636363636364,0.40889669421487607,427296.9583333333,427296.9583333333,18.76858505509642,3.0852757675753573,3,1973,0
1973-08-01,22.665909090909093,0.380400826446281,428510.2083333333,428510.2083333333,18.793002410468322,3.117386436736948,8,1973,0
1974-01-01,14.240061983471076,0.36187190082644627,429720.125,429720.125,18.816994834710744,3.0775966862470314,1,1974,0
1974-06-01,21.72020247933884,0.29535123966942145,430933.125,430933.125,18.789809573002756,3.04777322536332,6,1974,0
1974-11-01,17.0059132231405,0.42115289256198346,432142.375,432142.375,18.768475206611573,3.060310930668923,11,1974,0
1975-04-01,18.845586776859506,0.2965454545454545,433347.8333333333,433347.8333333333,18.767411501377413,3.060279069737544,4,1975,0
1975-09-01,21.604190082644628,0.3515495867768595,434558.5833333333,434558.5833333333,18.786155991735537,3.0783666205906375,9,1975,0
1976-02-01,14.516363636363636,0.3525165289256198,435769.1666666667,435769.1666666667,18.749518250688705,3.1302744887342215,2,1976,0
1976-07-01,22.515636363636364,0.41862809917355376,436977.5833333333,436977.5833333333,18.749428719008264,3.1301569578324813,7,1976,0
1976-12-01,14.858355371900828,0.3185082644628099,438184.9166666667,438184.9166666667,18.739533057851244,3.1433269298531736,12,1976,0
1977-05-01,20.728214876033057,0.34446694214876034,439399.9166666667,439399.9166666667,18.760579889807165,3.1568248393715916,5,1977,0
1977-10-01,19.480938016528924,0.28513636363636363,440614.0833333333,440614.0833333333,18.779000688705235,3.160645915486492,10,1977,0
1978-03-01,17.138433884297523,0.30079752066115706,441817.5,441817.5,18.776650482093665,3.1619640483726426,3,1978,0
1978-08-01,22.317685950413225,0.36972727272727274,443029.1666666667,443029.1666666667,18.74763188705234,3.1244007103990996,8,1978,0
1979-01-01,14.082586776859504,0.34496280991735534,444239.1666666667,444239.1666666667,18.734508953168046,3.145314996485814,1,1979,0
1979-06-01,22.248074380165292,0.31049586776859506,445447.5833333333,445447.5833333333,18.778498278236913,3.1941797374605074,6,1979,0
1979-11-01,17.237078512396696,0.2632768595041322,446654.9166666667,446654.9166666667,18.7977620523416,3.183195794799118,11,1979,0
1980-04-01,18.928004132231408,0.30302479338842975,447869.9166666667,447869.9166666667,18.804630165289257,3.183397268952091,4,1980,0
1980-09-01,21.550888429752067,0.2447809917355372,449084.0833333333,449084.0833333333,18.800188360881542,3.1791703014299855,9,1980,0
1981-02-01,15.216524793388428,0.34623553719008265,450287.4583333333,450287.4583333333,18.85853512396694,3.098812089375755,2,1981,0
1981-07-01,22.564380165289254,0.3707024793388429,451498.5833333333,451498.5833333333,18.862597107438017,3.1040691770416395,7,1981,0
1981-12-01,15.066334710743801,0.347301652892562,452709.1666666667,452709.1666666667,18.879928719008266,3.080167523562207,12,1981,0
1982-05-01,20.79844214876033,0.3526446280991736,453917.5833333333,453917.5833333333,18.88578099173554,3.0840627392807303,5,1982,0
1982-10-01,19.37454132231405,0.2851611570247934,455124.9166666667,455124.9166666667,18.876914600550965,3.0823486352262446,10,1982,0
1983-03-01,17.2569173553719,0.3409917355371901,456339.9166666667,456339.9166666667,18.886788223140496,3.0764576768570318,3,1983,0
1983-08-01,22.8090826446281,0.28702892561983473,457554.0833333333,457554.0833333333,18.927737947658404,3.1290969067039813,8,1983,0
1984-01-01,14.392446280991736,0.33162396694214874,458757.5,458757.5,18.953559573002753,3.086467553174749,1,1984,0
1984-06-01,21.76405785123967,0.3213801652892562,459969.1666666667,459969.1666666667,18.913224862258954,3.0423473535394847,6,1984,0
1984-11-01,17.15172727272727,0.308599173553719,461179.1666666667,461179.1666666667,18.90611225895317,3.046718826984736,11,1984,0
1985-04-01,18.749814049586778,0.3896487603305785,462387.5833333333,462387.5833333333,18.891263085399448,3.0470366471288504,4,1985,0
1985-09-01,21.477107438016528,0.34503305785123967,463594.9166666667,463594.9166666667,18.885114669421487,3.04125102885786,9,1985,0
1986-02-01,14.413053719008266,0.37972727272727275,464809.9166666667,464809.9166666667,18.818158746556474,3.1367073985342864,2,1986,0
1986-07-01,22.600272727272724,0.30207438016528926,466024.0833333333,466024.0833333333,18.82114979338843,3.140619079574198,7,1986,0
1986-12-01,14.823214876033058,0.32241735537190086,467227.5,467227.5,18.800889807162534,3.1677105573539954,12,1986,0
1987-05-01,20.853479338842977,0.3136074380165289,468440.75,468440.75,18.80547623966942,3.1709039137226123,5,1987,0
1987-10-01,19.556809917355373,0.32011570247933885,469653.2083333333,469653.2083333333,18.8206652892562,3.1743123331301897,10,1987,0
1988-03-01,17.08212396694215,0.30808264462809914,470860.125,470860.125,18.80609917355372,3.182530710254354,3,1988,0
1988-08-01,22.87549173553719,0.3132438016528926,472069.3333333333,472069.3333333333,18.81163326446281,3.1901728448288633,8,1988,0
1989-01-01,14.37650826446281,0.4084793388429752,473282.3333333333,473282.3333333333,18.810305096418734,3.1921826329203165,1,1989,0
1989-06-01,22.021413223140495,0.32852479338842977,474493.7916666667,474493.7916666667,18.83175137741047,3.214616763958662,6,1989,0
1989-11-01,17.24746694214876,0.29459504132231407,475699.9166666667,475699.9166666667,18.839729683195593,3.2101838331600288,11,1989,0
1990-04-01,19.02610743801653,0.30846280991735536,476911.125,476911.125,18.862754132231405,3.210471121088647,4,1990,0
1990-09-01,21.583057851239673,0.35529338842975206,478120.4166666667,478120.4166666667,18.871583333333334,3.2184503141540532,9,1990,0
1991-02-01,15.017326446280993,0.32592561983471074,479329.1666666667,479329.1666666667,18.921939393939393,3.146268030351936,2,1991,0
1991-07-01,23.06244214876033,0.3621611570247934,480540.125,480540.125,18.960453512396693,3.197795470898425,7,1991,0
1991-12-01,14.808293388429751,0.35177685950413223,481746.8333333333,481746.8333333333,18.95921005509642,3.199552897988486,12,1991,0
1992-05-01,20.941685950413223,0.31016115702479335,482963.2916666667,482963.2916666667,18.966560606060607,3.204398006238875,5,1992,0
1992-10-01,19.13951652892562,0.30016528925619834,484174.0416666667,484174.0416666667,18.931786157024792,3.1996710166169735,10,1992,0
1993-03-01,16.828657024793387,0.3087314049586777,485379.1666666667,485379.1666666667,18.910663911845727,3.2137968043886818,3,1993,0
1993-08-01,22.739194214876033,0.3174834710743802,486590.4166666667,486590.4166666667,18.899305785123968,3.198716012630974,8,1993,0
1994-01-01,15.067330578512395,0.40197107438016527,487799.1666666667,487799.1666666667,18.956874311294765,3.11503965205758,1,1994,0
1994-06-01,22.221855371900826,0.3566322314049587,489010.125,489010.125,18.97357782369146,3.1334492593304515,6,1994,0
1994-11-01,17.793710743801654,0.35243801652892565,490216.8333333333,490216.8333333333,19.019098140495867,3.1099738266760086,11,1994,0
1995-04-01,19.16789669421488,0.3359132231404959,491433.2916666667,491433.2916666667,19.03091391184573,3.1102722149006654,4,1995,0
1995-09-01,21.676735537190083,0.3477231404958678,492639.9166666667,492639.9166666667,19.03872038567493,3.117369634978777,9,1995,0
1996-02-01,14.948739669421489,0.34588429752066113,493851.125,493851.125,19.03300482093664,3.125465330930482,2,1996,0
1996-07-01,22.779971074380164,0.34286363636363637,495060.4166666667,495060.4166666667,19.009465564738292,3.093256751679655,7,1996,0
1996-12-01,15.109305785123968,0.31819008264462806,496269.1666666667,496269.1666666667,19.034549931129476,3.0570999120707776,12,1996,0
1997-05-01,21.129863636363634,0.31381404958677683,497480.125,497480.125,19.050231404958677,3.06823430745748,5,1997,0
1997-10-01,19.68512396694215,0.3606694214876033,498686.8333333333,498686.8333333333,19.095698691460054,3.07371538373422,10,1997,0
1998-03-01,17.52060743801653,0.35020247933884296,499903.2916666667,499903.2916666667,19.153361225895317,3.033547634910619,3,1998,0
1998-08-01,23.419194214876033,0.30547520661157024,501109.9166666667,501109.9166666667,19.210027892561985,3.1119582159743135,8,1998,1
1999-01-01,15.054347107438018,0.34034297520661155,502315.7083333333,502315.7083333333,19.208945936639118,3.113531333654642,1,1999,0
1999-06-01,22.592938016528926,0.34489669421487607,503533.1666666667,503533.1666666667,19.239869490358128,3.147829771297194,6,1999,0
1999-11-01,17.332231404958677,0.31177272727272726,504738.625,504738.625,19.201412878787878,3.169845364347913,11,1999,0
2000-04-01,19.76480165289256,0.30935537190082646,505946.9583333333,505946.9583333333,19.251154958677684,3.1739523433249186,4,2000,0
2000-09-01,21.753338842975207,0.29904545454545456,507159.625,507159.625,19.257538567493114,3.179346735317561,9,2000,0
2001-02-01,15.651516528925619,0.3596611570247934,508368.0833333333,508368.0833333333,19.316103305785123,3.0981987634001347,2,2001,0
2001-07-01,23.305962809917357,0.3429462809917355,509577.5833333333,509577.5833333333,19.359935950413224,3.1548625483451147,7,2001,0
2001-12-01,15.127446280991736,0.3940289256198347,510793.7916666667,510793.7916666667,19.361447658402202,3.152644189839511,12,2001,0
2002-05-01,21.5385826446281,0.3523925619834711,511999.9166666667,511999.9166666667,19.395507575757577,3.1756104639539715,5,2002,0
2002-10-01,19.802276859504133,0.3720454545454545,513207.3333333333,513207.3333333333,19.40527031680441,3.1767616425495815,10,2002,0
2003-03-01,17.499359504132233,0.33575206611570246,514422.4583333333,514422.4583333333,19.403499655647384,3.1779133248894054,3,2003,0
2003-08-01,23.67223140495868,0.41944628099173553,515629.625,515629.625,19.42458608815427,3.207681071322613,8,2003,1
2004-01-01,14.813586776859506,0.3976694214876033,516836.9583333333,516836.9583333333,19.40452272727273,3.238109603503617,1,2004,0
2004-06-01,22.453247933884295,0.394900826446281,518048.0833333333,518048.0833333333,19.392881887052344,3.2258332125353784,6,2004,0
2004-11-01,17.667206611570247,0.3129297520661157,519260.4166666667,519260.4166666667,19.420796487603308,3.2077792249188364,11,2004,0
2005-04-01,19.713971074380165,0.3235206611570248,520474.0833333333,520474.0833333333,19.416560606060607,3.2073171964673435,4,2005,0
2005-09-01,22.283652892561985,0.2793057851239669,521680.375,521680.375,19.460753443526173,3.245864069781804,9,2005,0
2006-02-01,15.602867768595042,0.37428925619834713,522886.9583333333,522886.9583333333,19.45669938016529,3.2510804908610687,2,2006,0
2006-07-01,23.72822727272727,0.3578264462809917,524100.125,524100.125,19.49188808539945,3.2984711414977417,7,2006,1
2006-12-01,15.790838842975207,0.3671363636363636,525309.3333333334,525309.3333333334,19.547170798898073,3.2233772474628597,12,2006,0
2007-05-01,21.72895041322314,0.3104586776859504,526517.5833333334,526517.5833333334,19.563034779614323,3.234518241908596,5,2007,0
2007-10-01,19.814421487603305,0.3061363636363636,527726.8333333334,527726.8333333334,19.56404683195592,3.234601802706569,10,2007,0
2008-03-01,17.81310743801653,0.3518388429752066,528944.0833333334,528944.0833333334,19.590192493112948,3.217618951607814,3,2008,0
2008-08-01,23.333929752066116,0.34472727272727277,530150.375,530150.375,19.562000688705236,3.1798624691161184,8,2008,0
2009-01-01,14.649256198347107,0.3621900826446281,531356.9583333334,531356.9583333334,19.548306473829204,3.2024444061388064,1,2009,0
2009-06-01,22.685694214876033,0.353603305785124,532570.125,532570.125,19.56767699724518,3.2222545221926673,6,2009,0
2009-11-01,17.986801652892563,0.37202479338842975,533779.3333333334,533779.3333333334,19.59430991735537,3.2064003277826774,11,2009,0
2010-04-01,19.891855371900824,0.32462809917355373,534987.5833333334,534987.5833333334,19.609133608815426,3.2074148650946515,4,2010,0
2010-09-01,22.067553719008263,0.3022107438016529,536196.8333333334,536196.8333333334,19.591125344352616,3.19160113355966,9,2010,0
2011-02-01,15.467057851239671,0.3562809917355372,537409.9166666666,537409.9166666666,19.579807851239668,3.2072317846121563,2,2011,0
2011-07-01,23.290971074380167,0.36861983471074383,538624.0833333334,538624.0833333334,19.54336983471074,3.15792090617349,7,2011,0
2011-12-01,15.564537190082644,0.46487190082644625,539827.4583333334,539827.4583333334,19.524511363636364,3.18294405761497,12,2011,0
2012-05-01,21.601987603305787,0.37739669421487604,541039.625,541039.625,19.513931129476585,3.175151740393469,5,2012,0
2012-10-01,20.13395041322314,0.5292190082644628,542246.9583333334,542246.9583333334,19.540558539944907,3.1792379811519713,10,2012,0
2013-03-01,17.240429752066117,0.6016694214876034,543459.1666666666,543459.1666666666,19.492835399449035,3.211658743085341,3,2013,0
2013-08-01,23.297855371900827,0.5910495867768595,544670.7916666666,544670.7916666666,19.489829201101927,3.2077510306459236,8,2013,0
