date,temperature,rainfall
2015-01-01,27.831768913607043,50
2015-01-02,24.15284702310204,25
2015-01-03,28.2028912019454,70
2015-01-04,27.071028580840146,39
2015-01-05,26.422486534427996,80
2015-01-06,31.48142889810932,67
2015-01-07,25.657054797834355,89
2015-01-08,27.093735602747767,12
2015-01-09,26.131111324089034,67
2015-01-10,25.73049103397567,83
2015-01-11,26.884281204624184,47
2015-01-12,27.496563165801266,40
2015-01-13,27.594378764867603,31
2015-01-14,29.058201748361185,83
2015-01-15,23.013482064611797,47
2015-01-16,28.31797436012141,62
2015-01-17,28.03988428659354,40
2015-01-18,26.338000088351418,81
2015-01-19,26.702607468135646,39
2015-01-20,28.734662688967017,12
2015-01-21,29.80924816930667,68
2015-01-22,27.36852957589565,14
2015-01-23,29.4360090408512,40
2015-01-24,28.767698394018172,33
2015-01-25,28.633172347042077,79
2015-01-26,30.870505900066345,27
2015-01-27,29.43891989726347,77
2015-01-28,25.882989217777087,42
2015-01-29,31.22561435680876,12
2015-01-30,31.94163701137003,8
2015-01-31,29.505458615904992,83
2015-02-01,30.343282745588375,99
2015-02-02,32.195232998387084,52
2015-02-03,28.931926695836143,65
2015-02-04,31.194401663578624,78
2015-02-05,32.13575690243762,85
2015-02-06,31.062039537675503,81
2015-02-07,32.46121147120544,96
2015-02-08,35.06124002636232,18
2015-02-09,30.290777501774418,19
2015-02-10,30.498908618624387,66
2015-02-11,30.203796284242383,50
2015-02-12,30.627627822810254,75
2015-02-13,33.79901039465147,60
2015-02-14,34.20185094902818,36
2015-02-15,31.14448414840883,70
2015-02-16,31.468915440770346,18
2015-02-17,33.74422158758635,41
2015-02-18,33.722715019104086,17
2015-02-19,35.40791102203553,55
2015-02-20,32.33369529235621,92
2015-02-21,32.89233589004541,92
2015-02-22,37.30207945605699,5
2015-02-23,33.65177061390664,98
2015-02-24,32.61367163723485,58
2015-02-25,29.224024966254465,75
2015-02-26,34.41068642050241,16
2015-02-27,33.03191257114828,96
2015-02-28,38.61985191299824,44
2015-03-01,31.225812702307476,67
2015-03-02,34.045017732265705,0
2015-03-03,31.47335118525699,14
2015-03-04,35.30537348965454,27
2015-03-05,32.66126062786845,57
2015-03-06,31.918341107917453,38
2015-03-07,34.396252209535504,28
2015-03-08,35.72432827166826,86
2015-03-09,34.09181823135681,72
2015-03-10,36.00652438886778,14
2015-03-11,31.216375490578994,24
2015-03-12,34.05461350593151,96
2015-03-13,31.99796213862581,52
2015-03-14,28.21472196447626,82
2015-03-15,33.789196212295074,4
2015-03-16,33.491416035664756,78
2015-03-17,34.51850190597823,0
2015-03-18,34.622906717533695,95
2015-03-19,33.2341905989907,79
2015-03-20,34.03049693512024,68
2015-03-21,38.6260430017442,54
2015-03-22,35.62717910989667,60
2015-03-23,35.03156144022787,73
2015-03-24,35.94727377426593,20
2015-03-25,32.934778283277105,86
2015-03-26,33.58666797629753,44
2015-03-27,34.97237465741405,27
2015-03-28,39.0415743851276,67
2015-03-29,37.42802032992144,79
2015-03-30,36.29384850292269,74
2015-03-31,37.33039174462565,21
2015-04-01,34.402205181465725,58
2015-04-02,34.63448000100192,98
2015-04-03,37.83119227930384,66
2015-04-04,38.36176105721852,29
2015-04-05,32.1556493165634,2
2015-04-06,35.31235798629231,18
2015-04-07,35.42684568126976,41
2015-04-08,35.67178878118591,59
2015-04-09,34.426739591247376,34
2015-04-10,34.84898869636487,48
2015-04-11,32.710047597075274,17
2015-04-12,34.41076333127336,1
2015-04-13,35.30515323119247,88
2015-04-14,33.40997117159887,87
2015-04-15,35.61453946997976,19
2015-04-16,34.798680235771656,35
2015-04-17,35.97388199032236,44
2015-04-18,38.666353696028146,84
2015-04-19,37.69788839748391,54
2015-04-20,31.805080602640913,67
2015-04-21,32.171273074697645,98
2015-04-22,36.1352686386107,4
2015-04-23,34.48561776558495,56
2015-04-24,31.557753614609805,95
2015-04-25,34.11998756094738,14
2015-04-26,36.4037380706601,37
2015-04-27,35.92384046818424,16
2015-04-28,33.60250050681105,78
2015-04-29,34.32350093343322,36
2015-04-30,35.37145387372795,95
2015-05-01,34.68321667663614,95
2015-05-02,34.85812271012896,49
2015-05-03,30.501354435240454,28
2015-05-04,33.67342660835545,70
2015-05-05,32.017056988406665,79
2015-05-06,37.2309598947525,80
2015-05-07,35.13171666127124,35
2015-05-08,34.22928224690604,10
2015-05-09,32.73431909690272,84
2015-05-10,32.12661018700917,39
2015-05-11,33.257867554207515,70
2015-05-12,33.593163393556836,70
2015-05-13,32.5144008539915,86
2015-05-14,31.760405008324835,0
2015-05-15,33.70835905339219,58
2015-05-16,30.385588436107643,79
2015-05-17,28.729552258903276,51
2015-05-18,34.04043814181747,77
2015-05-19,34.19877155335267,35
2015-05-20,30.87629342473446,66
2015-05-21,31.777976438529432,92
2015-05-22,32.38321852572314,42
2015-05-23,33.95445974410109,51
2015-05-24,28.324601332255106,45
2015-05-25,31.834974154573384,96
2015-05-26,28.63510066810896,75
2015-05-27,30.996228989308886,2
2015-05-28,30.123437719501737,43
2015-05-29,27.978039352552308,49
2015-05-30,30.074834936929538,3
2015-05-31,31.58941816739869,62
2015-06-01,30.681405594436246,67
2015-06-02,30.101935350391557,33
2015-06-03,31.82473140006644,48
2015-06-04,27.27499369801839,42
2015-06-05,30.11486267400392,0
2015-06-06,31.90515044774249,19
2015-06-07,27.389292083241223,54
2015-06-08,28.726995042012543,0
2015-06-09,27.63981808070243,81
2015-06-10,31.28701740098929,1
2015-06-11,29.487384039804684,93
2015-06-12,26.636096439638553,97
2015-06-13,28.06655771493995,42
2015-06-14,31.332098823807147,22
2015-06-15,26.37571561297424,20
2015-06-16,25.462774248481267,11
2015-06-17,24.60422549949478,25
2015-06-18,29.212361885040842,8
2015-06-19,25.69857654826937,23
2015-06-20,27.557698842842992,35
2015-06-21,26.151007269465012,33
2015-06-22,28.64048659867038,12
2015-06-23,26.330395906345466,89
2015-06-24,26.760589440865868,30
2015-06-25,23.714526606125595,85
2015-06-26,24.147929947865673,51
2015-06-27,25.298084241296582,39
2015-06-28,24.875976046081515,95
2015-06-29,24.91615803525225,72
2015-06-30,26.321215975601934,91
2015-07-01,24.43682409274046,19
2015-07-02,27.81378179338997,80
2015-07-03,28.54565531832102,99
2015-07-04,25.579029196368534,11
2015-07-05,24.428857418277673,29
2015-07-06,26.034420421589626,2
2015-07-07,24.848645513922587,73
2015-07-08,27.807515977458337,28
2015-07-09,21.139813727149118,29
2015-07-10,21.036467338702387,72
2015-07-11,24.632358024624654,66
2015-07-12,21.964512886043227,10
2015-07-13,22.791909152660658,99
2015-07-14,19.625199101656065,70
2015-07-15,22.92564262610746,26
2015-07-16,23.052018488001487,3
2015-07-17,19.247040828567002,91
2015-07-18,20.604178389322808,32
2015-07-19,20.93744172576485,54
2015-07-20,20.85186134676765,99
2015-07-21,19.958692867736275,55
2015-07-22,17.144087710343808,35
2015-07-23,22.20491239389373,83
2015-07-24,20.386440032965655,90
2015-07-25,19.663222978180855,52
2015-07-26,16.780832658614692,14
2015-07-27,17.660275109402388,35
2015-07-28,18.313502287943617,56
2015-07-29,19.997748629271996,13
2015-07-30,23.024207723809447,22
2015-07-31,19.180615999046832,63
2015-08-01,18.18763121702163,4
2015-08-02,18.322722285964694,48
2015-08-03,21.23254033262298,64
2015-08-04,19.623496863375394,2
2015-08-05,20.57550292362925,23
2015-08-06,17.484497371634617,94
2015-08-07,17.21885599107132,16
2015-08-08,20.04789734727593,24
2015-08-09,13.804227882800472,53
2015-08-10,19.52685506518959,26
2015-08-11,18.6426984542639,13
2015-08-12,19.798048141835757,78
2015-08-13,17.689692084797827,18
2015-08-14,17.109830747571465,96
2015-08-15,16.801517671874485,3
2015-08-16,17.690901169960185,16
2015-08-17,18.86603051796404,80
2015-08-18,15.949318017586386,83
2015-08-19,21.434770307034903,11
2015-08-20,17.5950283219564,25
2015-08-21,14.889482529326656,79
2015-08-22,15.001934357953614,77
2015-08-23,20.016061067232986,11
2015-08-24,17.630299625052483,17
2015-08-25,17.350846955223975,28
2015-08-26,12.402147801217735,55
2015-08-27,19.625521167677952,79
2015-08-28,17.76827414853645,57
2015-08-29,16.300710937130486,73
2015-08-30,14.391114285078642,86
2015-08-31,16.17174045934567,18
2015-09-01,18.061444109553744,98
2015-09-02,19.926613359634946,12
2015-09-03,14.178010258567562,86
2015-09-04,14.302967592150623,86
2015-09-05,13.569487141830336,92
2015-09-06,17.214683026170103,15
2015-09-07,16.42085326261908,88
2015-09-08,14.100158901224328,23
2015-09-09,16.842511632576574,29
2015-09-10,13.348835439670037,20
2015-09-11,17.830944311142943,92
2015-09-12,12.578706206316367,15
2015-09-13,17.254535887577898,63
2015-09-14,17.723358670827288,1
2015-09-15,14.605530837154877,67
2015-09-16,19.22539152947205,64
2015-09-17,16.220831622550314,4
2015-09-18,18.06549043597656,44
2015-09-19,15.644740309955713,2
2015-09-20,14.151233261185283,71
2015-09-21,15.39338148659634,23
2015-09-22,13.393011138353454,24
2015-09-23,13.001156865925857,88
2015-09-24,12.511260037944933,42
2015-09-25,15.37155296146794,18
2015-09-26,15.411075126093312,94
2015-09-27,13.661245536496633,3
2015-09-28,13.207750858808048,9
2015-09-29,17.419191202242406,65
2015-09-30,16.24893602257332,42
2015-10-01,14.852474980272865,61
2015-10-02,12.463735900488212,68
2015-10-03,16.227439390848982,8
2015-10-04,16.997037632504185,96
2015-10-05,13.457615673693443,81
2015-10-06,13.229013463313409,28
2015-10-07,13.864061208867554,26
2015-10-08,13.665445043655449,21
2015-10-09,19.03562444047242,13
2015-10-10,15.359419485808196,73
2015-10-11,15.663783425671182,35
2015-10-12,17.092467101663306,64
2015-10-13,15.204606169270056,81
2015-10-14,13.83722432464824,74
2015-10-15,14.82321064277702,96
2015-10-16,14.005547699556761,64
2015-10-17,18.47569283161629,70
2015-10-18,13.33306172432566,75
2015-10-19,17.926422829752635,20
2015-10-20,15.66147540187766,92
2015-10-21,17.3752270088196,49
2015-10-22,15.419895924240548,31
2015-10-23,16.61392143681795,59
2015-10-24,16.459002165448815,67
2015-10-25,16.764176120529967,89
2015-10-26,14.338401583857147,65
2015-10-27,13.664374359758018,96
2015-10-28,21.94570683873267,57
2015-10-29,15.336079121785232,41
2015-10-30,20.614240264029043,10
2015-10-31,13.919188339975943,85
2015-11-01,16.352415754712197,82
2015-11-02,13.54081602542624,7
2015-11-03,17.002739466521646,53
2015-11-04,21.151943963881497,94
2015-11-05,15.67318600795673,58
2015-11-06,14.079400934454736,13
2015-11-07,16.917843448422445,32
2015-11-08,12.40695808758035,97
2015-11-09,16.64903063559024,34
2015-11-10,20.1156375466804,15
2015-11-11,17.52039983926646,55
2015-11-12,18.781846150112553,24
2015-11-13,17.979419533600876,2
2015-11-14,14.595743201319632,98
2015-11-15,17.129293827695697,47
2015-11-16,20.147202354434235,11
2015-11-17,18.918899069364954,56
2015-11-18,19.215962785782253,34
2015-11-19,20.280254946283453,94
2015-11-20,19.833799869219483,35
2015-11-21,18.08900112089922,62
2015-11-22,16.511787733796076,25
2015-11-23,20.78742173730441,29
2015-11-24,17.927212534747113,94
2015-11-25,17.293632835824532,31
2015-11-26,20.705255353309298,7
2015-11-27,18.802076255598646,67
2015-11-28,18.783857211708934,76
2015-11-29,19.234461396649905,75
2015-11-30,19.009548281104678,1
2015-12-01,21.476161185263294,76
2015-12-02,18.93194053900957,32
2015-12-03,18.247836867439016,18
2015-12-04,25.96202369064467,44
2015-12-05,18.874884551183,26
2015-12-06,18.837167136182853,99
2015-12-07,21.98721548194808,57
2015-12-08,19.1615682688722,63
2015-12-09,24.21821170639042,89
2015-12-10,19.09670738078353,20
2015-12-11,22.66775067734035,40
2015-12-12,24.523612822606925,96
2015-12-13,20.778848117765563,26
2015-12-14,21.955496668647697,85
2015-12-15,20.12312760257657,79
2015-12-16,22.887054625027716,38
2015-12-17,21.831603601884773,80
2015-12-18,22.329498003281916,25
2015-12-19,24.22881872319264,7
2015-12-20,22.698003829229158,28
2015-12-21,19.046223169280097,6
2015-12-22,23.03900013238156,37
2015-12-23,22.785082156531953,74
2015-12-24,22.856991448320624,64
2015-12-25,20.39407198534755,31
2015-12-26,22.411204861709486,7
2015-12-27,21.241594474962067,76
2015-12-28,26.042497595082686,27
2015-12-29,28.768637945432307,75
2015-12-30,23.051764232309395,13
2015-12-31,25.266619160224664,46
2016-01-01,24.531669745064423,18
2016-01-02,22.914487589259092,46
2016-01-03,24.55072016068437,31
2016-01-04,26.77849217012331,40
2016-01-05,23.810607835962326,36
2016-01-06,25.375022472788086,16
2016-01-07,26.996828943300482,9
2016-01-08,26.55093413829844,33
2016-01-09,27.281811556905637,72
2016-01-10,26.515712560223005,41
2016-01-11,24.23080987784082,81
2016-01-12,29.209477657734414,62
2016-01-13,25.390668418428877,32
2016-01-14,26.445326691928216,99
2016-01-15,28.474892004176137,53
2016-01-16,27.84643742111461,10
2016-01-17,25.436290260908812,49
2016-01-18,28.28432365346516,51
2016-01-19,31.482199789693006,51
2016-01-20,25.995330064984508,29
2016-01-21,28.2052513579697,63
2016-01-22,27.086056316712586,10
2016-01-23,27.834316344487313,21
2016-01-24,30.43613255175995,32
2016-01-25,28.694335672683668,38
2016-01-26,30.336152690223926,88
2016-01-27,25.187256967633406,41
2016-01-28,28.955225093601374,6
2016-01-29,32.32091764800045,30
2016-01-30,30.442660266376574,49
2016-01-31,30.931958109765787,81
2016-02-01,30.45123054871947,76
2016-02-02,29.658135945040254,77
2016-02-03,33.31048423571231,4
2016-02-04,32.3127264294509,64
2016-02-05,33.72326414479009,3
2016-02-06,30.836833558440656,43
2016-02-07,31.11424692324329,8
2016-02-08,28.359706890943603,48
2016-02-09,30.723017746052403,50
2016-02-10,30.820895788541982,20
2016-02-11,33.59809151829849,61
2016-02-12,29.788546973298722,70
2016-02-13,29.040019131280133,14
2016-02-14,34.29377806382668,69
2016-02-15,34.641733421379946,4
2016-02-16,29.787276598321995,56
2016-02-17,30.067876484257354,86
2016-02-18,34.903640548694575,91
2016-02-19,30.770338393639285,91
2016-02-20,35.11803133191508,89
2016-02-21,33.57370997114258,22
2016-02-22,31.221113532984223,41
2016-02-23,30.65106309140252,77
2016-02-24,32.23694905097834,87
2016-02-25,35.71236642966427,54
2016-02-26,31.069464497355185,47
2016-02-27,33.313598066632736,5
2016-02-28,35.803492475929026,86
2016-02-29,31.02867126262286,92
2016-03-01,35.41442353680386,94
2016-03-02,36.34570948066427,37
2016-03-03,33.06148748686426,91
2016-03-04,33.62020451041807,56
2016-03-05,37.186650197008255,29
2016-03-06,31.82652458434531,99
2016-03-07,34.89041748298845,4
2016-03-08,33.27783747390525,83
2016-03-09,33.46670612327457,91
2016-03-10,35.90747018650385,15
2016-03-11,34.203567787010876,38
2016-03-12,29.707026665407167,30
2016-03-13,32.338311065458846,11
2016-03-14,33.28347188318525,88
2016-03-15,31.532002263620736,74
2016-03-16,34.132542926212814,74
2016-03-17,37.257016663626366,72
2016-03-18,34.2926024843449,82
2016-03-19,35.24967950589873,25
2016-03-20,33.8838746825638,7
2016-03-21,36.73457647020888,71
2016-03-22,35.425742625428704,78
2016-03-23,33.18396646551726,86
2016-03-24,32.841214427346884,12
2016-03-25,34.71796229291511,92
2016-03-26,32.97395722573883,84
2016-03-27,35.601179791459266,1
2016-03-28,35.72987711616681,52
2016-03-29,33.55966551429464,44
2016-03-30,34.60660121459793,90
2016-03-31,32.426642241014136,61
2016-04-01,32.87245553733045,35
2016-04-02,31.971574432663104,14
2016-04-03,34.60674657398621,7
2016-04-04,35.916550321667835,2
2016-04-05,32.63447793729497,81
2016-04-06,34.106162249511875,31
2016-04-07,34.49756969081388,38
2016-04-08,34.823030494702806,76
2016-04-09,39.577092633717434,24
2016-04-10,35.176520089658496,91
2016-04-11,30.774193796277228,8
2016-04-12,35.5244836684936,54
2016-04-13,36.182645551599386,12
2016-04-14,30.35048076736017,66
2016-04-15,33.44462504905504,32
2016-04-16,33.054627785612965,56
2016-04-17,34.3969664955166,15
2016-04-18,32.20205453943785,61
2016-04-19,29.96941204463273,71
2016-04-20,34.191696752379976,25
2016-04-21,34.87049456317062,59
2016-04-22,33.081425787149634,74
2016-04-23,32.589896176388976,45
2016-04-24,32.75964110609377,95
2016-04-25,34.217865535782245,88
2016-04-26,36.90928480733033,81
2016-04-27,32.70034408793722,17
2016-04-28,36.168909632025745,35
2016-04-29,32.03275680111034,4
2016-04-30,35.14309716315378,34
2016-05-01,35.019438982936116,22
2016-05-02,32.3649745093757,27
2016-05-03,32.547063188923715,89
2016-05-04,34.08993830618852,5
2016-05-05,32.61890858205329,4
2016-05-06,32.37263176772711,94
2016-05-07,31.976738722312223,36
2016-05-08,32.6008716252588,67
2016-05-09,34.65031227843899,20
2016-05-10,31.084852523624292,87
2016-05-11,32.28197653204833,0
2016-05-12,35.37155632109994,12
2016-05-13,32.60213882886669,42
2016-05-14,31.066881611525044,47
2016-05-15,33.22510571135744,36
2016-05-16,33.735011761974974,43
2016-05-17,30.322071258903193,95
2016-05-18,34.43074263072949,7
2016-05-19,34.921646663487394,16
2016-05-20,30.401730712128394,46
2016-05-21,32.5045238371577,40
2016-05-22,31.50926417415616,43
2016-05-23,29.975554523872,77
2016-05-24,29.49561118919486,72
2016-05-25,30.755861576139946,42
2016-05-26,31.614316420706814,53
2016-05-27,32.645182972782784,58
2016-05-28,33.023387850620345,22
2016-05-29,30.51364220359855,76
2016-05-30,32.92599309550999,1
2016-05-31,29.355402381358978,20
2016-06-01,31.06946867687167,99
2016-06-02,31.8752485086035,0
2016-06-03,31.042636634528243,4
2016-06-04,28.92177389991083,68
2016-06-05,27.49270729611854,91
2016-06-06,29.36478882040453,46
2016-06-07,28.1245240730761,53
2016-06-08,27.1389819846927,33
2016-06-09,27.785312555012293,26
2016-06-10,29.86266196950084,17
2016-06-11,23.820895463404987,51
2016-06-12,30.47028219863365,72
2016-06-13,28.88691022003262,91
2016-06-14,25.433893123457537,4
2016-06-15,24.69281076807987,69
2016-06-16,28.492812360339713,9
2016-06-17,24.692111899077926,75
2016-06-18,29.53622896556361,57
2016-06-19,28.90112689547301,13
2016-06-20,27.046855619698636,39
2016-06-21,26.090735013300794,29
2016-06-22,28.8288026969444,52
2016-06-23,29.444126259874782,43
2016-06-24,25.141782885266352,73
2016-06-25,25.498982718792327,92
2016-06-26,21.828908802489053,67
2016-06-27,27.592904408993476,57
2016-06-28,21.7255348360638,70
2016-06-29,24.526720675430457,4
2016-06-30,27.023840094447483,14
2016-07-01,23.453730517582063,21
2016-07-02,25.167315693580104,15
2016-07-03,27.121358580284532,83
2016-07-04,25.445858061776562,7
2016-07-05,21.201143664788006,79
2016-07-06,22.77405126039086,62
2016-07-07,22.626631162802145,21
2016-07-08,26.12512069477625,59
2016-07-09,24.4939316351782,58
2016-07-10,21.719338610881156,9
2016-07-11,22.338526641162368,49
2016-07-12,23.77507121508003,83
2016-07-13,25.033095709755145,29
2016-07-14,20.672008807639994,90
2016-07-15,21.21478445569047,52
2016-07-16,22.289937117866856,45
2016-07-17,24.231757936741502,87
2016-07-18,23.063775732570175,86
2016-07-19,22.963879883215252,46
2016-07-20,21.91741456500314,67
2016-07-21,21.30259728301432,34
2016-07-22,20.47466710961027,48
2016-07-23,24.350077458980014,16
2016-07-24,18.216952170274674,35
2016-07-25,20.612346896993756,87
2016-07-26,19.28240571711727,95
2016-07-27,25.54952616717051,45
2016-07-28,18.74243174777604,66
2016-07-29,18.462895006020602,89
2016-07-30,21.678145867361806,28
2016-07-31,22.022164079437474,30
2016-08-01,22.331689744624356,82
2016-08-02,18.374574094970306,22
2016-08-03,20.74584383900966,27
2016-08-04,21.443298998511775,81
2016-08-05,20.43690938686451,74
2016-08-06,21.064671918398723,83
2016-08-07,18.74145053162226,71
2016-08-08,16.39120539781254,16
2016-08-09,21.360576520333733,15
2016-08-10,21.68014914797721,89
2016-08-11,19.60907833327261,59
2016-08-12,20.944888978949756,88
2016-08-13,18.123667769657853,61
2016-08-14,16.804239655632827,63
2016-08-15,17.52471227625351,84
2016-08-16,19.96973007801562,4
2016-08-17,18.110911342874658,4
2016-08-18,14.805628648484472,85
2016-08-19,17.29528798426893,42
2016-08-20,19.024344849220448,43
2016-08-21,19.228116314736802,0
2016-08-22,15.042956416303896,43
2016-08-23,17.69030251435916,52
2016-08-24,20.396397325313902,77
2016-08-25,19.427298009419253,44
2016-08-26,17.576757461948784,56
2016-08-27,18.389165472975254,85
2016-08-28,17.51300359502946,89
2016-08-29,15.12662173348133,94
2016-08-30,15.363271343424833,57
2016-08-31,16.33286598052274,9
2016-09-01,17.997396104500936,58
2016-09-02,16.892662365042828,63
2016-09-03,19.857113569081193,39
2016-09-04,15.8079688237993,83
2016-09-05,17.482319541305646,79
2016-09-06,13.347051219369037,62
2016-09-07,17.081026804817046,72
2016-09-08,12.411797321539796,57
2016-09-09,18.567708473224638,93
2016-09-10,14.180456503279876,19
2016-09-11,14.477480807590396,33
2016-09-12,16.884546618905887,10
2016-09-13,18.92254052688928,44
2016-09-14,15.690154314245607,59
2016-09-15,17.450033514756505,94
2016-09-16,12.196157425147838,88
2016-09-17,17.00910876023603,34
2016-09-18,13.96454619582886,41
2016-09-19,15.456356429617399,5
2016-09-20,12.697450558035438,8
2016-09-21,16.542722742615442,66
2016-09-22,13.688719411079196,68
2016-09-23,17.795055402549337,30
2016-09-24,16.873691688063605,83
2016-09-25,15.010828884544006,59
2016-09-26,13.871090425224654,5
2016-09-27,14.344879699349232,86
2016-09-28,18.491941766432284,47
2016-09-29,15.68769312393933,20
2016-09-30,16.48525000885786,58
2016-10-01,18.868143926206884,93
2016-10-02,14.538060220375366,0
2016-10-03,16.640371078118456,1
2016-10-04,17.411304952622356,88
2016-10-05,18.587597248713436,34
2016-10-06,15.710021057983912,65
2016-10-07,14.417947496778671,75
2016-10-08,17.343982156751434,8
2016-10-09,16.94195879849763,13
2016-10-10,15.954103183840067,93
2016-10-11,12.016980155897565,84
2016-10-12,11.22154304973405,88
2016-10-13,15.053193994821411,18
2016-10-14,12.584987890298727,99
2016-10-15,17.03105950315318,73
2016-10-16,16.503411903643585,79
2016-10-17,18.40642482906487,48
2016-10-18,15.36052078671547,14
2016-10-19,14.512815248056413,76
2016-10-20,15.66319715687074,68
2016-10-21,14.901032630032226,90
2016-10-22,11.726147761051653,25
2016-10-23,15.693770205808915,86
2016-10-24,16.276611070315713,99
2016-10-25,13.39995009642472,24
2016-10-26,17.69039605070059,87
2016-10-27,13.13907732807624,16
2016-10-28,16.120885632104326,75
2016-10-29,16.619730623840045,58
2016-10-30,14.917045596939158,87
2016-10-31,15.320046024730768,34
2016-11-01,15.589950564897698,22
2016-11-02,14.323197230110853,61
2016-11-03,17.969871431546174,66
2016-11-04,14.254172791419862,89
2016-11-05,19.282289953500747,20
2016-11-06,18.395111022999526,42
2016-11-07,15.363438559588108,45
2016-11-08,15.403575452878982,13
2016-11-09,17.37112313227488,18
2016-11-10,15.702815361448662,31
2016-11-11,20.631358878910817,9
2016-11-12,18.680357157413155,75
2016-11-13,21.11324116153605,84
2016-11-14,21.47610923641236,30
2016-11-15,16.413053657656434,85
2016-11-16,17.365288915396746,63
2016-11-17,17.882101182060907,44
2016-11-18,19.548683833100686,45
2016-11-19,18.503688085591985,71
2016-11-20,19.607613438555315,16
2016-11-21,20.31644633848808,70
2016-11-22,20.938904726376386,13
2016-11-23,17.93264590758334,27
2016-11-24,17.96872034836569,14
2016-11-25,19.496482203519662,19
2016-11-26,17.25325445114032,14
2016-11-27,22.400987053537147,77
2016-11-28,19.654130118589947,56
2016-11-29,19.351441793414445,12
2016-11-30,17.154132599841944,19
2016-12-01,20.04149819861816,29
2016-12-02,21.773468364167172,52
2016-12-03,21.25888813026003,87
2016-12-04,16.542227586957274,54
2016-12-05,23.0024521299648,45
2016-12-06,23.700605853100555,31
2016-12-07,16.938446975308594,53
2016-12-08,20.215184673846668,57
2016-12-09,21.363464130271193,19
2016-12-10,17.605571532968966,83
2016-12-11,21.904010148137317,9
2016-12-12,23.162846713731028,50
2016-12-13,21.126209309280824,98
2016-12-14,23.385693317549624,78
2016-12-15,23.68963113646421,58
2016-12-16,21.652224727488868,81
2016-12-17,19.538317015563027,76
2016-12-18,24.953962483083487,44
2016-12-19,23.577202006099636,6
2016-12-20,22.64988646076241,5
2016-12-21,24.052802950120046,45
2016-12-22,24.771960939929773,31
2016-12-23,22.710385910236106,34
2016-12-24,21.804823111750785,72
2016-12-25,25.695967702940596,12
2016-12-26,23.7008849261038,56
2016-12-27,21.55082924519662,3
2016-12-28,23.75425134052866,72
2016-12-29,24.642075550390377,4
2016-12-30,18.94047797963743,37
2016-12-31,25.44547829998595,48
2017-01-01,23.347737368595276,80
2017-01-02,25.171006399905206,69
2017-01-03,26.697926328191357,31
2017-01-04,23.632572803206692,35
2017-01-05,27.722455995662266,95
2017-01-06,27.34462143338592,0
2017-01-07,29.892251776520833,62
2017-01-08,25.44588590111665,38
2017-01-09,26.332381116242523,64
2017-01-10,25.249852545001552,64
2017-01-11,29.992659549484568,12
2017-01-12,26.172947351451025,0
2017-01-13,28.15556719184523,71
2017-01-14,27.230169926336544,44
2017-01-15,25.82176688697029,43
2017-01-16,27.638577589181022,13
2017-01-17,28.90537855435936,60
2017-01-18,30.104815115855487,47
2017-01-19,27.153927079629756,70
2017-01-20,28.627662617662427,95
2017-01-21,27.385298196827716,5
2017-01-22,31.037393432493015,47
2017-01-23,30.7802043803266,35
2017-01-24,27.071498044618703,66
2017-01-25,26.451097465739373,77
2017-01-26,30.55903015805868,58
2017-01-27,28.94084219785986,96
2017-01-28,30.691673698019155,43
2017-01-29,32.1380325201716,3
2017-01-30,29.215553703213057,67
2017-01-31,30.73636794992852,58
2017-02-01,26.32000700695236,87
2017-02-02,30.100266211953308,93
2017-02-03,28.002206590003865,46
2017-02-04,30.199283662702292,72
2017-02-05,28.21356446110932,41
2017-02-06,32.735830409642055,80
2017-02-07,33.62195791807355,83
2017-02-08,30.559098596593984,32
2017-02-09,32.669239146602436,79
2017-02-10,30.658345274981354,86
2017-02-11,31.842735963467454,58
2017-02-12,31.51801014913613,44
2017-02-13,32.737645727828806,3
2017-02-14,31.672661596530496,48
2017-02-15,29.974704249127104,9
2017-02-16,31.830534311256105,81
2017-02-17,29.376515446188726,47
2017-02-18,29.20472039395906,50
2017-02-19,34.334014959367416,89
2017-02-20,29.56971447870904,83
2017-02-21,32.03433193311547,42
2017-02-22,31.1681615309202,81
2017-02-23,34.05054461799321,47
2017-02-24,33.78093664118302,7
2017-02-25,31.0688425344647,6
2017-02-26,35.62392567481671,19
2017-02-27,32.72082420036268,29
2017-02-28,30.559324875922194,58
2017-03-01,34.98575787781288,62
2017-03-02,32.91594120373358,17
2017-03-03,29.480908466606405,33
2017-03-04,34.24044689547798,81
2017-03-05,36.058407161805036,27
2017-03-06,34.95410650902092,30
2017-03-07,35.09778780317109,0
2017-03-08,36.057408276270706,69
2017-03-09,36.322928537753036,0
2017-03-10,37.23879453481735,82
2017-03-11,32.58507789792437,45
2017-03-12,33.29970532095479,33
2017-03-13,36.03978487805766,59
2017-03-14,33.57536670354157,18
2017-03-15,36.39775000576901,5
2017-03-16,33.489337715844556,31
2017-03-17,33.24070785847246,56
2017-03-18,33.96406946898171,21
2017-03-19,38.088452434880786,23
2017-03-20,32.84682748601673,67
2017-03-21,38.095361081102034,58
2017-03-22,33.42383652064472,46
2017-03-23,37.46596399348046,48
2017-03-24,35.91621591995789,36
2017-03-25,38.059207156160554,6
2017-03-26,34.852195371008385,33
2017-03-27,34.19464106242579,14
2017-03-28,33.964006540338254,56
2017-03-29,34.66087927796908,93
2017-03-30,37.133150279706,39
2017-03-31,32.59264642808491,3
2017-04-01,34.87800906187321,2
2017-04-02,35.289590302206484,42
2017-04-03,34.931564108183004,24
2017-04-04,33.41871915080178,24
2017-04-05,34.6249234171637,72
2017-04-06,33.4155998738135,20
2017-04-07,36.36975798296207,42
2017-04-08,35.44797252248301,98
2017-04-09,36.63576360792138,69
2017-04-10,37.57747220370115,61
2017-04-11,35.04303989904277,55
2017-04-12,35.582283087390586,66
2017-04-13,32.00453624781086,67
2017-04-14,36.642565702060985,88
2017-04-15,36.2494424386204,14
2017-04-16,32.39660485506292,59
2017-04-17,36.068162655894845,88
2017-04-18,33.1236017282657,61
2017-04-19,36.18458689381775,14
2017-04-20,40.78635147729594,85
2017-04-21,35.031388330474854,52
2017-04-22,32.91825756876361,37
2017-04-23,37.54825267906836,15
2017-04-24,34.95428817812716,95
2017-04-25,34.6718350585462,90
2017-04-26,39.449972341369936,80
2017-04-27,35.639038356657025,39
2017-04-28,31.495129046225063,70
2017-04-29,33.64414841329452,17
2017-04-30,32.74522445029919,14
2017-05-01,33.81243247648713,57
2017-05-02,32.54768275020164,48
2017-05-03,34.8606600334532,48
2017-05-04,31.58439134580285,12
2017-05-05,32.0416572264534,64
2017-05-06,31.429856945934347,3
2017-05-07,34.12597422682634,23
2017-05-08,32.25207355389721,97
2017-05-09,29.895958721106858,90
2017-05-10,34.84104099923305,67
2017-05-11,33.200870025614535,78
2017-05-12,31.226191736384056,62
2017-05-13,31.460836588937678,79
2017-05-14,33.5093736763152,33
2017-05-15,30.17348467969103,52
2017-05-16,32.612354655798995,90
2017-05-17,31.53230823767941,73
2017-05-18,30.790895304762113,28
2017-05-19,30.84777151509939,7
2017-05-20,30.49875766625478,89
2017-05-21,30.973105687037215,14
2017-05-22,30.98584966480087,11
2017-05-23,30.795065057029824,73
2017-05-24,33.13403418305314,83
2017-05-25,30.49714918585645,23
2017-05-26,28.0155921875722,6
2017-05-27,33.077111697019056,85
2017-05-28,33.98717516242646,12
2017-05-29,32.09929180998956,99
2017-05-30,29.747621412422035,84
2017-05-31,25.304647460610063,87
2017-06-01,30.031861553466992,58
2017-06-02,32.64796286025554,46
2017-06-03,29.179421357778835,22
2017-06-04,32.22509334131113,39
2017-06-05,31.464423068355767,50
2017-06-06,27.1219115693695,19
2017-06-07,34.34596043419154,39
2017-06-08,30.286030310507783,11
2017-06-09,29.35387747222275,68
2017-06-10,29.251604599814627,54
2017-06-11,29.087378584432194,86
2017-06-12,29.24687526533884,99
2017-06-13,30.46758890513725,46
2017-06-14,26.02356185518692,86
2017-06-15,27.702140459615674,7
2017-06-16,28.818626858878957,33
2017-06-17,31.688575471087372,40
2017-06-18,22.90608399320365,35
2017-06-19,27.247194328301678,46
2017-06-20,29.80184818962556,20
2017-06-21,22.755597098003804,48
2017-06-22,27.50154193411007,6
2017-06-23,24.179754475811418,14
2017-06-24,23.964752367871103,71
2017-06-25,30.590564002756413,76
2017-06-26,28.600261193439188,74
2017-06-27,21.93622580861024,85
2017-06-28,29.03772409168346,51
2017-06-29,22.87622736037751,21
2017-06-30,25.032048335146676,28
2017-07-01,25.591980225464514,54
2017-07-02,27.013277814152225,70
2017-07-03,22.050160556797483,20
2017-07-04,24.791590624841056,60
2017-07-05,23.686262030598296,13
2017-07-06,26.69048755958531,65
2017-07-07,22.953257670132132,94
2017-07-08,25.84180590758559,63
2017-07-09,25.135180498994334,0
2017-07-10,24.04609570446566,91
2017-07-11,23.975896911810246,36
2017-07-12,24.233450891964562,32
2017-07-13,21.53466324149277,68
2017-07-14,24.215186678011314,7
2017-07-15,24.428174067033133,33
2017-07-16,20.590607635252194,51
2017-07-17,22.707545715589546,85
2017-07-18,21.39674285458029,66
2017-07-19,18.5850388210663,76
2017-07-20,23.78604578077353,11
2017-07-21,20.558402713941273,18
2017-07-22,20.944054921568974,12
2017-07-23,23.603721534290596,16
2017-07-24,23.29588195064387,89
2017-07-25,19.069115571454518,9
2017-07-26,20.048080432399416,71
2017-07-27,24.84146084769753,85
2017-07-28,22.16621240040334,63
2017-07-29,24.865354714157963,68
2017-07-30,17.994373329300696,67
2017-07-31,20.99948673270981,80
2017-08-01,19.744077827845818,32
2017-08-02,20.50473189095374,34
2017-08-03,21.193938774122568,88
2017-08-04,17.964965215791224,88
2017-08-05,17.525374843778593,76
2017-08-06,20.36141008219712,77
2017-08-07,20.240295519706244,83
2017-08-08,17.063269931059406,74
2017-08-09,19.501938127182456,49
2017-08-10,17.366387774336047,5
2017-08-11,19.22723038314927,90
2017-08-12,19.900199269253893,42
2017-08-13,19.93309911618096,38
2017-08-14,18.72775069762587,8
2017-08-15,17.804499644901025,78
2017-08-16,17.903967311293428,69
2017-08-17,18.26593410908986,16
2017-08-18,20.018034909107367,2
2017-08-19,19.234772423918738,29
2017-08-20,15.221135535668267,96
2017-08-21,17.42119708471819,69
2017-08-22,18.093776494517968,68
2017-08-23,12.894519602577756,6
2017-08-24,14.38729030985661,53
2017-08-25,18.58632932038299,73
2017-08-26,14.892307561284095,61
2017-08-27,14.430319144292934,11
2017-08-28,15.337202751683476,26
2017-08-29,17.907674166200152,32
2017-08-30,16.54905800029878,11
2017-08-31,16.913246648707986,54
2017-09-01,11.905439391999632,45
2017-09-02,16.41952801939338,82
2017-09-03,17.229142415185656,96
2017-09-04,17.49962032813536,95
2017-09-05,17.69859954169948,36
2017-09-06,13.73755612355507,96
2017-09-07,13.353110823847704,69
2017-09-08,11.861878333006219,51
2017-09-09,14.265379010180654,69
2017-09-10,15.856741709839772,96
2017-09-11,15.05017493446102,16
2017-09-12,16.547201999567747,98
2017-09-13,15.781938425707256,1
2017-09-14,16.065713706294506,98
2017-09-15,12.183108567421485,51
2017-09-16,13.241661905213139,20
2017-09-17,14.378599255664659,88
2017-09-18,17.653276673087635,35
2017-09-19,15.283181705758164,47
2017-09-20,13.256600701997233,9
2017-09-21,13.517682932188645,77
2017-09-22,13.185954649290018,87
2017-09-23,14.153351405668088,48
2017-09-24,18.904535565719748,85
2017-09-25,13.50804716006449,84
2017-09-26,11.451402586762551,64
2017-09-27,14.887338912398741,97
2017-09-28,14.400525937930414,41
2017-09-29,14.00291648937143,74
2017-09-30,13.85939859416497,59
2017-10-01,15.208126976535015,90
2017-10-02,12.818759269635656,48
2017-10-03,17.12432334442016,44
2017-10-04,17.284098112402607,54
2017-10-05,12.546795907599659,87
2017-10-06,11.7296137274173,97
2017-10-07,14.958243857013173,9
2017-10-08,17.1348626577078,96
2017-10-09,14.884895041282205,95
2017-10-10,13.268747032424264,24
2017-10-11,15.09480959878586,2
2017-10-12,12.467284831143042,5
2017-10-13,13.381074916460443,5
2017-10-14,16.763018801381968,71
2017-10-15,14.977807772760718,81
2017-10-16,15.95860768381531,48
2017-10-17,15.193852885419743,1
2017-10-18,12.296373408874697,8
2017-10-19,12.406675944446922,92
2017-10-20,17.877929729478204,56
2017-10-21,12.992291672892286,42
2017-10-22,13.692739024217337,4
2017-10-23,13.921884247758411,88
2017-10-24,15.297586322576443,41
2017-10-25,15.08688856959283,41
2017-10-26,13.493693062576861,32
2017-10-27,14.519740779211073,22
2017-10-28,18.442309282589093,54
2017-10-29,15.029285817056442,52
2017-10-30,15.428806242749044,75
2017-10-31,15.061096296562361,85
2017-11-01,12.297423585410845,81
2017-11-02,17.245721859809002,77
2017-11-03,19.909367490867538,68
2017-11-04,18.389925908001047,79
2017-11-05,16.678492747251795,64
2017-11-06,19.55155761594895,63
2017-11-07,16.951394366522873,36
2017-11-08,11.03252367050035,7
2017-11-09,13.579958972459243,72
2017-11-10,15.855893348890273,56
2017-11-11,16.98249613725793,72
2017-11-12,20.09256868915241,85
2017-11-13,17.605593163236723,78
2017-11-14,18.281930774351164,62
2017-11-15,20.801963686003866,89
2017-11-16,17.727591394576756,51
2017-11-17,11.15684335442354,15
2017-11-18,18.88374193270122,20
2017-11-19,18.636358568767037,29
2017-11-20,16.867732242161715,52
2017-11-21,19.14136748127525,51
2017-11-22,21.12740719047119,70
2017-11-23,18.011859732132635,21
2017-11-24,19.670367139530367,14
2017-11-25,20.843360745773957,29
2017-11-26,21.218515289457123,30
2017-11-27,19.235708366615746,45
2017-11-28,19.83660462563829,7
2017-11-29,18.700349525103352,71
2017-11-30,20.888457843983318,11
2017-12-01,23.79465409465417,86
2017-12-02,22.751396060745396,24
2017-12-03,21.041995780589243,38
2017-12-04,21.732380281328822,80
2017-12-05,22.507193045856827,44
2017-12-06,21.118007861107394,77
2017-12-07,23.999053333939973,75
2017-12-08,19.213962354375024,32
2017-12-09,17.350104600185315,25
2017-12-10,22.765847521153557,18
2017-12-11,20.292849252504045,70
2017-12-12,19.275648568607387,30
2017-12-13,20.33389471092196,28
2017-12-14,22.588033105814805,70
2017-12-15,24.710499052563552,53
2017-12-16,18.793119237154333,22
2017-12-17,20.675856506880013,85
2017-12-18,20.29821747165427,44
2017-12-19,23.44154822326875,54
2017-12-20,19.699145749438056,2
2017-12-21,21.70776734495045,55
2017-12-22,25.585820618763638,51
2017-12-23,24.254312172823344,34
2017-12-24,20.6457709296036,17
2017-12-25,22.822961644998763,38
2017-12-26,21.700350793676943,21
2017-12-27,23.993040569797255,76
2017-12-28,25.85098231444042,46
2017-12-29,27.37884295324815,21
2017-12-30,21.623652049706706,72
2017-12-31,25.023238166239583,55
2018-01-01,24.823476558909515,65
2018-01-02,24.25302836732726,85
2018-01-03,24.237558663894752,84
2018-01-04,24.19969580151509,36
2018-01-05,25.898179141167244,33
2018-01-06,28.234196552801862,3
2018-01-07,23.327453543582187,38
2018-01-08,25.462878577958747,99
2018-01-09,24.84499331694714,64
2018-01-10,27.88002423361435,19
2018-01-11,28.89752186800566,42
2018-01-12,29.79876243035204,51
2018-01-13,26.129039508604077,47
2018-01-14,24.889939497753325,35
2018-01-15,28.102850736328328,30
2018-01-16,28.696574162827826,40
2018-01-17,25.309231363508147,71
2018-01-18,27.760714002956778,24
2018-01-19,23.63139150059158,80
2018-01-20,29.944365652506683,97
2018-01-21,27.743069188037964,40
2018-01-22,27.82065924745434,41
2018-01-23,26.658020458434827,36
2018-01-24,30.955145840093003,36
2018-01-25,30.157037472751792,36
2018-01-26,25.27295780121987,14
2018-01-27,30.620005726700985,81
2018-01-28,32.94450834612585,78
2018-01-29,26.10372945316353,59
2018-01-30,27.916566563092175,62
2018-01-31,33.21972742470132,52
2018-02-01,30.398610085872125,50
2018-02-02,28.318007992085704,21
2018-02-03,29.51854872963918,87
2018-02-04,31.697935247354817,93
2018-02-05,31.23198687732862,45
2018-02-06,31.058739453199816,18
2018-02-07,28.91102527148418,8
2018-02-08,32.64830453033694,30
2018-02-09,30.266988093381897,13
2018-02-10,33.36180401684454,11
2018-02-11,29.94140791755747,69
2018-02-12,34.12395313032805,68
2018-02-13,30.065617630868548,76
2018-02-14,32.94665577989365,87
2018-02-15,31.520129207776865,92
2018-02-16,28.808624626257643,97
2018-02-17,38.46539533923804,87
2018-02-18,34.74484638939487,44
2018-02-19,34.73934097262294,97
2018-02-20,33.30416150714001,57
2018-02-21,33.80122855189704,63
2018-02-22,33.85088921713142,83
2018-02-23,34.64932807558096,63
2018-02-24,28.369299278802576,88
2018-02-25,32.7270262355419,74
2018-02-26,33.72561925901546,79
2018-02-27,33.92353039133185,17
2018-02-28,32.17260059717491,60
2018-03-01,36.18008013980487,34
2018-03-02,32.386603880444916,69
2018-03-03,35.33955362301112,48
2018-03-04,31.71882174512916,49
2018-03-05,33.14526186057409,41
2018-03-06,35.254254241140146,4
2018-03-07,34.505058881646896,47
2018-03-08,37.07911090706833,93
2018-03-09,33.474410929556115,35
2018-03-10,33.38490034986229,75
2018-03-11,35.97213531939333,92
2018-03-12,32.93651007901627,69
2018-03-13,31.747236014621222,60
2018-03-14,33.32226925199837,82
2018-03-15,35.22151758935296,91
2018-03-16,31.567992150864768,21
2018-03-17,35.61465331417025,50
2018-03-18,35.99845768488485,92
2018-03-19,36.5569335072459,50
2018-03-20,36.488156224485955,27
2018-03-21,36.44977685071552,29
2018-03-22,36.44515495242924,71
2018-03-23,32.96325024435399,2
2018-03-24,33.38993388728219,98
2018-03-25,34.43994038268564,97
2018-03-26,36.91862273072771,7
2018-03-27,34.274670975958976,3
2018-03-28,33.39699223589884,66
2018-03-29,32.994660199937385,46
2018-03-30,35.17453653644894,29
2018-03-31,35.528372469183275,25
2018-04-01,37.79488597668772,70
2018-04-02,35.016856202408725,9
2018-04-03,36.96040362906836,89
2018-04-04,35.403161220024224,84
2018-04-05,34.68075472057244,81
2018-04-06,32.7430652220504,30
2018-04-07,32.02332373280444,25
2018-04-08,33.20296942367478,88
2018-04-09,34.53080694622904,53
2018-04-10,35.25377602878029,72
2018-04-11,35.422098244261065,20
2018-04-12,37.77333052396478,3
2018-04-13,34.63847736545951,89
2018-04-14,33.283901036167684,19
2018-04-15,32.0308320364178,79
2018-04-16,38.09637926963634,72
2018-04-17,34.474422502744865,2
2018-04-18,35.81403074448681,17
2018-04-19,33.65685555331463,58
2018-04-20,35.45751749561684,97
2018-04-21,33.645079630563465,1
2018-04-22,34.109825743674534,92
2018-04-23,31.629304662909327,28
2018-04-24,33.985708481773926,19
2018-04-25,35.79850506554675,90
2018-04-26,35.00200569375766,61
2018-04-27,35.76112392701311,94
2018-04-28,32.153662587523485,73
2018-04-29,33.42449413125569,92
2018-04-30,37.81360829408368,83
2018-05-01,31.627447721411436,79
2018-05-02,35.578561999454195,63
2018-05-03,30.096038840476783,5
2018-05-04,35.745127322334795,50
2018-05-05,30.84887571677104,21
2018-05-06,35.557841693893835,68
2018-05-07,31.69959185762937,59
2018-05-08,35.578412076152425,9
2018-05-09,35.32214979241696,94
2018-05-10,30.609015358121226,31
2018-05-11,31.21530710967568,83
2018-05-12,32.18156956391682,63
2018-05-13,34.99374808564595,26
2018-05-14,32.34215883459953,10
2018-05-15,30.75710009331304,84
2018-05-16,32.56864949453545,39
2018-05-17,31.203369873003894,33
2018-05-18,32.01296891358728,98
2018-05-19,28.80472885197581,74
2018-05-20,29.84718614482959,42
2018-05-21,33.52061918602717,32
2018-05-22,31.874040901889234,70
2018-05-23,31.591349617596546,78
2018-05-24,32.928599800479645,61
2018-05-25,31.7324824895651,16
2018-05-26,30.577312068359426,13
2018-05-27,29.853690960933147,15
2018-05-28,31.839345630576275,51
2018-05-29,31.603625351440783,16
2018-05-30,26.442304226544586,42
2018-05-31,27.712401039060744,82
2018-06-01,29.653023335269076,56
2018-06-02,29.65514578615861,7
2018-06-03,30.911797622816504,70
2018-06-04,25.2116876802687,80
2018-06-05,29.346833738949673,18
2018-06-06,26.24287757315366,41
2018-06-07,30.519814793864626,50
2018-06-08,29.095174500403395,81
2018-06-09,27.985349414799664,43
2018-06-10,28.143131538102153,57
2018-06-11,26.809242979127912,13
2018-06-12,25.9500853691235,52
2018-06-13,28.93097964422716,93
2018-06-14,28.580643877762046,39
2018-06-15,28.64875470676272,75
2018-06-16,27.625319888823192,53
2018-06-17,26.123030136027957,19
2018-06-18,26.70816965863927,44
2018-06-19,26.969674201778524,92
2018-06-20,28.530857886132356,10
2018-06-21,30.75492284314703,63
2018-06-22,25.404710082441873,35
2018-06-23,26.555524056783,60
2018-06-24,23.122265665727053,92
2018-06-25,21.560944686982786,30
2018-06-26,25.672495186056103,35
2018-06-27,29.284436065522975,90
2018-06-28,23.992881069639655,39
2018-06-29,25.694613833354122,70
2018-06-30,28.73328252391029,78
2018-07-01,21.98926484888659,88
2018-07-02,27.169875665735546,72
2018-07-03,24.02333173722386,87
2018-07-04,26.232262801499093,55
2018-07-05,24.750604647042277,0
2018-07-06,27.156979393116877,35
2018-07-07,26.38611511849985,36
2018-07-08,24.597441365555998,74
2018-07-09,24.655688107236074,89
2018-07-10,23.123716189224425,18
2018-07-11,24.136862393084265,26
2018-07-12,26.29538255796219,84
2018-07-13,21.055342241619,98
2018-07-14,21.745759342135507,90
2018-07-15,22.83583038130347,94
2018-07-16,25.28757169077731,79
2018-07-17,21.115958903900566,92
2018-07-18,24.98530575429714,20
2018-07-19,22.20984754104478,92
2018-07-20,20.985315677235775,43
2018-07-21,18.628649125646707,59
2018-07-22,20.273337423481717,2
2018-07-23,22.948784971533915,84
2018-07-24,19.683536231784387,93
2018-07-25,21.803494741829144,95
2018-07-26,18.493198584309056,20
2018-07-27,20.690498538172964,60
2018-07-28,20.839709871946603,13
2018-07-29,24.846181126805142,1
2018-07-30,20.35974446662412,54
2018-07-31,18.7925434468304,37
2018-08-01,18.310693368148144,60
2018-08-02,21.88792166224073,88
2018-08-03,20.98974542638016,98
2018-08-04,21.20038810806876,26
2018-08-05,20.57841251244085,31
2018-08-06,21.59803557772414,7
2018-08-07,20.713540870864698,53
2018-08-08,20.808418828860898,12
2018-08-09,17.704415938463754,21
2018-08-10,21.711883764769453,95
2018-08-11,16.27985088290057,91
2018-08-12,20.359698474569353,13
2018-08-13,16.475292340864925,76
2018-08-14,22.18720696650367,61
2018-08-15,20.45228275600683,63
2018-08-16,16.209337079288954,8
2018-08-17,19.699595246363085,9
2018-08-18,17.64587371660852,74
2018-08-19,16.323136157346955,88
2018-08-20,18.362100341529253,10
2018-08-21,15.893513203448228,18
2018-08-22,18.624339204801124,41
2018-08-23,16.841060116897125,25
2018-08-24,15.630373156111503,87
2018-08-25,18.14803149674185,72
2018-08-26,19.260384749490612,47
2018-08-27,19.51071893934113,84
2018-08-28,17.699734342997605,5
2018-08-29,17.82390053764151,3
2018-08-30,14.755664201772992,91
2018-08-31,14.180924880015057,84
2018-09-01,15.633517747873693,13
2018-09-02,17.960126092613056,28
2018-09-03,16.94821610547168,23
2018-09-04,13.631697404770843,99
2018-09-05,18.879790685087464,32
2018-09-06,16.397341437757433,45
2018-09-07,14.83732122803377,56
2018-09-08,15.745661552716097,72
2018-09-09,14.670571554477647,55
2018-09-10,17.23910022015026,27
2018-09-11,14.983934477356481,90
2018-09-12,16.108512981813696,37
2018-09-13,17.11314121002273,59
2018-09-14,17.791147789106606,40
2018-09-15,16.48265334580572,1
2018-09-16,15.280668726502071,34
2018-09-17,12.42207201009905,74
2018-09-18,15.136070020852458,93
2018-09-19,14.553279932992266,69
2018-09-20,16.415397655616875,79
2018-09-21,13.504371186772277,19
2018-09-22,14.904206034910466,84
2018-09-23,17.63590150758123,70
2018-09-24,13.241467168158206,49
2018-09-25,12.023242001545341,9
2018-09-26,13.680535780391502,70
2018-09-27,15.215557081935296,96
2018-09-28,16.171632446168914,49
2018-09-29,16.8931900504313,42
2018-09-30,15.220409407429981,76
2018-10-01,14.273632304186458,83
2018-10-02,13.375790510678925,59
2018-10-03,12.705417643320313,28
2018-10-04,14.44920895193936,52
2018-10-05,11.775325343686553,92
2018-10-06,15.77955257056419,81
2018-10-07,16.75356700740919,22
2018-10-08,10.685222179833044,83
2018-10-09,13.906690768659743,81
2018-10-10,14.018771069993747,45
2018-10-11,13.961259613024604,38
2018-10-12,16.224563874111997,56
2018-10-13,15.393265241872312,95
2018-10-14,17.406303684520235,15
2018-10-15,16.259615697001596,15
2018-10-16,13.99679837216335,73
2018-10-17,15.153993774347489,85
2018-10-18,19.427403839679712,27
2018-10-19,15.149491064080783,4
2018-10-20,15.811943437471069,78
2018-10-21,14.553724525607798,69
2018-10-22,15.579201567964036,2
2018-10-23,17.626428273244503,5
2018-10-24,18.08347485733141,67
2018-10-25,17.448729637780424,55
2018-10-26,13.168181296675993,81
2018-10-27,17.416515339848928,3
2018-10-28,17.239871063027344,22
2018-10-29,16.373130603068233,39
2018-10-30,14.732989675668806,18
2018-10-31,18.41049654236017,79
2018-11-01,17.804287965058275,69
2018-11-02,15.59355911828814,80
2018-11-03,20.022982578190515,29
2018-11-04,13.208206915156335,66
2018-11-05,15.789611354559396,34
2018-11-06,18.922688740624206,95
2018-11-07,15.770430233056235,7
2018-11-08,14.11500272485915,12
2018-11-09,17.234048387752413,34
2018-11-10,20.04141244748145,91
2018-11-11,11.81570278897023,17
2018-11-12,19.305167887734093,81
2018-11-13,18.328085067169866,44
2018-11-14,19.52620027464224,69
2018-11-15,22.32063896266535,34
2018-11-16,21.645347846820258,19
2018-11-17,17.492909527229006,94
2018-11-18,20.35041209266126,94
2018-11-19,18.27305659353147,34
2018-11-20,22.53422402883165,24
2018-11-21,20.792001184749154,3
2018-11-22,16.718242404924727,88
2018-11-23,21.765459944671534,65
2018-11-24,18.148232791965455,5
2018-11-25,20.494129287303117,51
2018-11-26,18.760224513852982,41
2018-11-27,19.460824859936125,77
2018-11-28,19.418469239360814,60
2018-11-29,21.778003298971353,33
2018-11-30,18.841731913040384,5
2018-12-01,18.0801202586256,70
2018-12-02,21.108874625906147,59
2018-12-03,20.129791229843473,74
2018-12-04,17.188249924944667,57
2018-12-05,15.866825089510215,12
2018-12-06,22.84004422257066,22
2018-12-07,16.438780478385866,76
2018-12-08,21.316407263356382,56
2018-12-09,21.501604703436477,96
2018-12-10,20.51267772664295,44
2018-12-11,23.844564607940306,20
2018-12-12,21.725584122416066,24
2018-12-13,19.911038332023377,14
2018-12-14,19.217111591036137,35
2018-12-15,22.84156268473883,96
2018-12-16,21.495738666984884,71
2018-12-17,24.244084621967993,99
2018-12-18,24.710726832995096,77
2018-12-19,24.860729913741807,25
2018-12-20,21.16659772429038,12
2018-12-21,27.342172026995883,49
2018-12-22,22.122386474327396,49
2018-12-23,22.105431764840258,56
2018-12-24,23.490645197370128,6
2018-12-25,24.83892697007375,41
2018-12-26,25.333877406205332,89
2018-12-27,24.307874830819856,33
2018-12-28,21.627686199850793,40
2018-12-29,25.29038514786272,42
2018-12-30,29.016502420628754,30
2018-12-31,26.92173118900117,88
2019-01-01,25.215924639619264,1
2019-01-02,26.977053014297958,53
2019-01-03,27.910636959907784,12
2019-01-04,28.334864824088744,27
2019-01-05,24.63866904564006,69
2019-01-06,30.019748053280427,71
2019-01-07,26.46759705534378,58
2019-01-08,29.276494964208613,23
2019-01-09,26.669676144937355,53
2019-01-10,24.778652135517476,46
2019-01-11,26.857197914656062,89
2019-01-12,32.201711655135334,37
2019-01-13,29.4983477855976,82
2019-01-14,24.20741541955305,69
2019-01-15,25.670378700496197,31
2019-01-16,29.915987845626333,40
2019-01-17,24.6492684438073,72
2019-01-18,29.238799285361765,72
2019-01-19,32.49493434719051,38
2019-01-20,28.63804349176194,29
2019-01-21,29.270086185957904,80
2019-01-22,30.524966887767466,56
2019-01-23,29.579312772057232,46
2019-01-24,30.072534918403093,32
2019-01-25,27.711076319588802,11
2019-01-26,26.643359281782754,51
2019-01-27,29.104756404469146,79
2019-01-28,26.80312627859028,17
2019-01-29,30.863041960250925,54
2019-01-30,28.536868401586826,90
2019-01-31,30.721266090464884,46
2019-02-01,31.847586236198264,26
2019-02-02,30.190231297952142,87
2019-02-03,30.863060726537064,68
2019-02-04,30.122830407816068,90
2019-02-05,27.23343138999473,58
2019-02-06,31.985781241039295,6
2019-02-07,31.13499259385352,34
2019-02-08,32.83767127567537,87
2019-02-09,32.465119284932406,66
2019-02-10,31.451050018862922,38
2019-02-11,28.632072462268216,1
2019-02-12,31.04797141824067,37
2019-02-13,27.719089186296408,90
2019-02-14,35.15506100958302,11
2019-02-15,32.578045127774445,99
2019-02-16,29.11511431543091,52
2019-02-17,30.867620377527196,93
2019-02-18,28.850458766424886,68
2019-02-19,32.79531093290374,62
2019-02-20,32.255516661848255,22
2019-02-21,31.656024211779222,59
2019-02-22,32.296914897328996,8
2019-02-23,35.303986497860045,13
2019-02-24,34.2431313260519,38
2019-02-25,34.54456127258912,4
2019-02-26,33.64058428560107,18
2019-02-27,34.34648242891382,47
2019-02-28,34.617559579474865,32
2019-03-01,35.51118296923159,15
2019-03-02,36.30962373831898,66
2019-03-03,33.474902310896375,39
2019-03-04,31.883076783514603,68
2019-03-05,34.12396439624735,71
2019-03-06,33.368633372207825,50
2019-03-07,32.51932910980503,61
2019-03-08,32.831861940463135,60
2019-03-09,34.83333974279,56
2019-03-10,36.65170570437105,15
2019-03-11,32.51303848960406,27
2019-03-12,33.32345275832813,91
2019-03-13,36.211894931601755,42
2019-03-14,33.674804063130274,18
2019-03-15,31.05388722402753,70
2019-03-16,32.929274002328725,33
2019-03-17,34.22867331231894,20
2019-03-18,31.480402942058024,41
2019-03-19,35.983650906052716,32
2019-03-20,33.17219429631964,49
2019-03-21,35.4934301305068,2
2019-03-22,32.71267124700256,71
2019-03-23,33.8585599768678,73
2019-03-24,30.19267807331156,57
2019-03-25,33.13176043063588,82
2019-03-26,31.059718538672517,70
2019-03-27,34.516491715539395,43
2019-03-28,36.294665805711276,76
2019-03-29,35.44281282570031,97
2019-03-30,35.607454987308785,56
2019-03-31,36.8369885055133,10
2019-04-01,32.768335433286886,26
2019-04-02,41.00389924543413,0
2019-04-03,35.88310128668483,85
2019-04-04,37.73343464765078,76
2019-04-05,35.434115002883004,30
2019-04-06,35.939842679803554,53
2019-04-07,36.40849274732696,39
2019-04-08,36.18376020848802,6
2019-04-09,35.23880884098031,73
2019-04-10,33.28413233472646,70
2019-04-11,35.93532299333126,34
2019-04-12,36.17896329301627,10
2019-04-13,36.84528110145603,58
2019-04-14,35.28264962716267,81
2019-04-15,35.082069535953906,68
2019-04-16,36.728862379398564,58
2019-04-17,34.34215471780375,7
2019-04-18,31.144151313995497,56
2019-04-19,35.29899318795769,65
2019-04-20,34.38902894533631,0
2019-04-21,30.813801084723302,54
2019-04-22,33.672087996862984,79
2019-04-23,34.68339841725306,55
2019-04-24,30.3675803783281,36
2019-04-25,32.92578515970465,80
2019-04-26,33.57108484868897,7
2019-04-27,35.732906705239415,44
2019-04-28,34.241932889582905,28
2019-04-29,37.08753502641314,22
2019-04-30,34.29059939397861,44
2019-05-01,35.51883883659539,33
2019-05-02,34.99362925987328,91
2019-05-03,35.34854880685878,55
2019-05-04,35.751532562234516,8
2019-05-05,34.74479503839462,60
2019-05-06,32.43527420452458,64
2019-05-07,32.92797015142127,42
2019-05-08,32.179552128230206,82
2019-05-09,32.01709005807475,13
2019-05-10,30.353441939841044,19
2019-05-11,32.67098554453124,83
2019-05-12,30.931751373639997,71
2019-05-13,31.06403552769327,10
2019-05-14,30.23408036542389,16
2019-05-15,34.82903716886964,14
2019-05-16,29.463236712866912,91
2019-05-17,34.10084505486711,56
2019-05-18,33.64844920246654,34
2019-05-19,30.589522967055984,78
2019-05-20,31.07800448353017,88
2019-05-21,30.704778632538776,99
2019-05-22,30.75431411726884,75
2019-05-23,33.98163557248002,90
2019-05-24,32.13038436946651,52
2019-05-25,33.02250172674685,93
2019-05-26,30.294837244384684,5
2019-05-27,27.53712324824758,26
2019-05-28,27.050785699755583,13
2019-05-29,28.96388445788893,82
2019-05-30,28.99169211658295,81
2019-05-31,26.920962549552392,76
2019-06-01,30.44204069794504,43
2019-06-02,27.91753187151747,33
2019-06-03,28.340868354641596,20
2019-06-04,29.047221283307994,84
2019-06-05,30.369198139849782,20
2019-06-06,32.72243275074443,38
2019-06-07,25.765138861218208,36
2019-06-08,26.452474390085214,73
2019-06-09,27.609105709011683,89
2019-06-10,29.07849950358875,8
2019-06-11,30.40058165511066,21
2019-06-12,27.6887683555627,0
2019-06-13,25.825450098360506,55
2019-06-14,28.130297904750222,24
2019-06-15,27.19367982290641,15
2019-06-16,29.068871645041497,89
2019-06-17,28.847771106684732,31
2019-06-18,28.70519627788633,40
2019-06-19,27.58371249971281,83
2019-06-20,25.668749894528037,76
2019-06-21,28.16118076154492,35
2019-06-22,27.78166727875732,90
2019-06-23,25.643078223379078,9
2019-06-24,26.259606790868947,16
2019-06-25,25.736195941374227,15
2019-06-26,26.905599084944342,81
2019-06-27,27.810472391435198,50
2019-06-28,24.959199899880588,20
2019-06-29,26.896467150167823,46
2019-06-30,26.46291502876507,97
2019-07-01,22.60470707796735,9
2019-07-02,23.891986143380684,89
2019-07-03,23.393939159148655,9
2019-07-04,23.526388255339977,9
2019-07-05,24.739137146321905,62
2019-07-06,20.89445672030525,90
2019-07-07,20.335047929804492,69
2019-07-08,25.56861610722157,46
2019-07-09,26.943250087196027,24
2019-07-10,24.26590947430019,10
2019-07-11,22.16643965811874,64
2019-07-12,21.782770820219703,46
2019-07-13,25.453408371017463,19
2019-07-14,26.124831238798595,98
2019-07-15,21.577033657380078,48
2019-07-16,21.317706267733264,76
2019-07-17,23.072245255672126,33
2019-07-18,20.903020456254374,5
2019-07-19,22.53840837590456,9
2019-07-20,21.353469941243773,22
2019-07-21,23.802996256820812,57
2019-07-22,19.758845728308966,70
2019-07-23,25.319316629674557,32
2019-07-24,23.692001508706735,36
2019-07-25,18.35523699335334,11
2019-07-26,19.355171479930373,84
2019-07-27,20.40876906406185,12
2019-07-28,20.69955934926942,47
2019-07-29,20.08464170935555,8
2019-07-30,24.25024995333819,12
2019-07-31,18.81283151125703,45
2019-08-01,17.164490429620493,69
2019-08-02,20.698138016358335,98
2019-08-03,13.403935633256244,55
2019-08-04,19.23320753387965,57
2019-08-05,17.715894361800764,39
2019-08-06,20.69231781827979,58
2019-08-07,19.949916199148696,29
2019-08-08,20.43750856480183,66
2019-08-09,14.983146894525998,80
2019-08-10,19.328128446224856,3
2019-08-11,16.898028965050194,64
2019-08-12,21.346376188943015,45
2019-08-13,22.211721181925306,52
2019-08-14,18.31558363760454,35
2019-08-15,14.436405419119723,15
2019-08-16,15.461573736036728,90
2019-08-17,15.943656461287311,25
2019-08-18,17.434861776037497,71
2019-08-19,20.455289348036843,1
2019-08-20,18.36343265768097,40
2019-08-21,19.345172631166733,93
2019-08-22,17.446021472998083,41
2019-08-23,15.678444942406111,93
2019-08-24,18.94813341054561,30
2019-08-25,15.650809665321422,54
2019-08-26,18.77048467488685,1
2019-08-27,18.339835267537755,19
2019-08-28,14.118047229812467,35
2019-08-29,15.750592132758673,23
2019-08-30,17.610106882534854,88
2019-08-31,16.364922742883756,51
2019-09-01,19.607011277154438,68
2019-09-02,16.35126726154423,97
2019-09-03,18.858859250175072,97
2019-09-04,14.896543509046705,96
2019-09-05,14.86056699688718,57
2019-09-06,13.765880221146107,57
2019-09-07,16.002672156355832,82
2019-09-08,12.796145540172738,79
2019-09-09,17.51974211563775,80
2019-09-10,19.88556398396812,60
2019-09-11,17.38515056066099,11
2019-09-12,16.48192487441471,4
2019-09-13,16.538043633809867,81
2019-09-14,15.605789365080735,85
2019-09-15,16.50329892656534,86
2019-09-16,20.421543559201794,88
2019-09-17,15.494489019223858,2
2019-09-18,16.580611546973458,90
2019-09-19,14.414893618139338,10
2019-09-20,17.885559987177732,16
2019-09-21,17.682556288372208,19
2019-09-22,13.671868477916957,12
2019-09-23,16.943846951461996,1
2019-09-24,15.391123180695626,77
2019-09-25,17.2630788054032,58
2019-09-26,15.988449585865528,70
2019-09-27,20.50207202129809,20
2019-09-28,14.999092314177567,58
2019-09-29,14.266573790094126,45
2019-09-30,13.946632483014358,4
2019-10-01,14.766980616518175,10
2019-10-02,9.854678834496948,15
2019-10-03,15.162679022022994,72
2019-10-04,14.08890495081914,11
2019-10-05,13.158070002061427,33
2019-10-06,17.388100199577778,76
2019-10-07,12.86435334199913,59
2019-10-08,15.878427027931282,38
2019-10-09,14.936821880753497,34
2019-10-10,15.693219507730563,4
2019-10-11,16.783661915110507,60
2019-10-12,15.664524926689229,69
2019-10-13,13.168861936758422,33
2019-10-14,16.224727366397133,81
2019-10-15,17.898236438063538,3
2019-10-16,16.76158584092373,68
2019-10-17,18.145959110260172,73
2019-10-18,17.44056218800913,64
2019-10-19,14.72049866170416,93
2019-10-20,17.254330566740684,24
2019-10-21,17.744109671432092,45
2019-10-22,13.935739127775374,26
2019-10-23,16.351796432393495,82
2019-10-24,16.264531322200558,76
2019-10-25,13.586815545100935,68
2019-10-26,17.679087405912956,76
2019-10-27,17.52421698812647,78
2019-10-28,18.183434922099774,5
2019-10-29,18.415848651944582,91
2019-10-30,16.577693229435248,99
2019-10-31,16.825509696281333,83
2019-11-01,16.611365446393982,41
2019-11-02,13.463905247556777,54
2019-11-03,19.324427518262514,48
2019-11-04,15.034448077029097,17
2019-11-05,17.399135961375613,14
2019-11-06,17.03035067251081,58
2019-11-07,17.754615592460574,69
2019-11-08,12.975744179777742,4
2019-11-09,21.08516017806865,17
2019-11-10,16.337381242636408,93
2019-11-11,17.299770193895778,67
2019-11-12,19.567502914309937,74
2019-11-13,15.120334728892377,23
2019-11-14,14.136414360230342,98
2019-11-15,14.046852067056257,45
2019-11-16,18.722482430133223,11
2019-11-17,17.635979629183776,91
2019-11-18,17.407522561419913,40
2019-11-19,19.90411830450816,15
2019-11-20,16.36248360794335,1
2019-11-21,19.120684079145665,93
2019-11-22,20.19269673756159,37
2019-11-23,19.575687821041882,69
2019-11-24,16.640979991444368,74
2019-11-25,18.34432239779688,10
2019-11-26,16.162710952750636,78
2019-11-27,20.037161656451858,70
2019-11-28,16.85201087416087,22
2019-11-29,18.59245214101133,43
2019-11-30,18.08608605379127,10
2019-12-01,20.727712454549735,73
2019-12-02,19.472660554278793,50
2019-12-03,20.066526283716975,84
2019-12-04,22.53373614112624,27
2019-12-05,18.472461926717497,13
2019-12-06,22.920881798305718,81
2019-12-07,20.709060229977442,65
2019-12-08,22.111078450989087,26
2019-12-09,20.045210717897543,79
2019-12-10,18.341175888775567,47
2019-12-11,19.786708260709716,57
2019-12-12,19.03386653442478,63
2019-12-13,21.913262318697907,50
2019-12-14,25.122782113162096,69
2019-12-15,22.926188156711536,73
2019-12-16,25.13999838935357,14
2019-12-17,22.246670705317637,67
2019-12-18,26.042867271793572,36
2019-12-19,24.241523420429875,11
2019-12-20,23.794776241706714,58
2019-12-21,19.99434924650064,28
2019-12-22,24.654714894456774,48
2019-12-23,24.766304858066814,7
2019-12-24,20.922102689914595,36
2019-12-25,21.338187702211613,30
2019-12-26,25.109894611811978,67
2019-12-27,23.5127154614496,88
2019-12-28,26.278608523761484,88
2019-12-29,25.404320155438544,0
2019-12-30,21.519688191677915,77
2019-12-31,24.45432156496442,18
2020-01-01,27.783621545447097,74
2020-01-02,23.8740065236554,11
2020-01-03,23.867622375469267,59
2020-01-04,25.159791644497055,44
2020-01-05,23.04318482174866,10
2020-01-06,24.77025328472915,89
2020-01-07,25.284049982057333,28
2020-01-08,27.908972070007223,75
2020-01-09,28.745351819490374,4
2020-01-10,25.66246979874859,56
2020-01-11,27.949927312485116,38
2020-01-12,30.292150582223,16
2020-01-13,27.3475113918469,77
2020-01-14,25.71252797756412,41
2020-01-15,28.0265416568445,38
2020-01-16,28.201225132271798,34
2020-01-17,27.108467971454342,22
2020-01-18,31.78174449118191,71
2020-01-19,26.548482703674296,11
2020-01-20,28.16862129624329,99
2020-01-21,29.001753335069935,68
2020-01-22,30.129141225293324,23
2020-01-23,29.778536430891716,75
2020-01-24,30.71243491265313,63
2020-01-25,30.525626168595878,77
2020-01-26,29.009068674110342,22
2020-01-27,31.933719262469115,39
2020-01-28,30.138992661622943,38
2020-01-29,29.711885667394256,71
2020-01-30,27.426116128804093,10
2020-01-31,30.35222085334354,3
2020-02-01,28.314507586342604,58
2020-02-02,30.18692931414909,74
2020-02-03,30.61461848741049,59
2020-02-04,31.382437995758167,96
2020-02-05,32.568762712477024,19
2020-02-06,27.837233409269768,52
2020-02-07,34.25761760490553,93
2020-02-08,30.66971735390789,61
2020-02-09,30.648159364633752,80
2020-02-10,31.110306461341036,58
2020-02-11,32.32566952419925,16
2020-02-12,31.510251035551804,41
2020-02-13,32.38985774189594,32
2020-02-14,33.391514325073636,87
2020-02-15,28.14313171557555,96
2020-02-16,31.614393244876307,64
2020-02-17,30.354195331008547,98
2020-02-18,31.27960209989867,71
2020-02-19,29.69710161968346,63
2020-02-20,31.19569403436567,25
2020-02-21,33.86236474775919,13
2020-02-22,30.284825910240123,85
2020-02-23,30.639000987136583,41
2020-02-24,31.961357688278376,67
2020-02-25,34.06984586708631,70
2020-02-26,33.17897068867218,28
2020-02-27,33.45033982763563,58
2020-02-28,32.60283598849927,20
2020-02-29,35.80919784073738,27
2020-03-01,32.39174189818929,89
2020-03-02,34.64221556662055,43
2020-03-03,31.58508290007861,10
2020-03-04,36.475088492524584,7
2020-03-05,33.958699751245305,38
2020-03-06,33.45855657871033,83
2020-03-07,35.97324172195816,99
2020-03-08,34.198098243344994,75
2020-03-09,34.55671094203227,36
2020-03-10,36.78323029099201,92
2020-03-11,33.322298472074564,26
2020-03-12,33.24320092345281,34
2020-03-13,37.2405963182879,62
2020-03-14,37.418944182312245,39
2020-03-15,32.432089775616774,4
2020-03-16,36.95147726874614,40
2020-03-17,32.98742000537407,36
2020-03-18,36.45074723622029,95
2020-03-19,33.576166130641944,24
2020-03-20,35.76774619307908,36
2020-03-21,37.08823717798896,82
2020-03-22,40.58313659122434,34
2020-03-23,33.967265332827495,9
2020-03-24,32.73496095799139,41
2020-03-25,34.599403898846326,62
2020-03-26,35.95238143802033,12
2020-03-27,35.281754664993414,53
2020-03-28,32.28139701264111,58
2020-03-29,33.529451744035306,46
2020-03-30,37.43681414098544,18
2020-03-31,35.248779297337684,96
2020-04-01,33.621299853505576,23
2020-04-02,35.67392223083514,87
2020-04-03,36.480734926741,54
2020-04-04,35.5048881438983,67
2020-04-05,33.983523228801715,66
2020-04-06,36.69823349159942,46
2020-04-07,35.02403847809257,26
2020-04-08,36.60517497205815,91
2020-04-09,33.016553282021285,27
2020-04-10,34.50447094126838,86
2020-04-11,34.38930626821126,53
2020-04-12,35.05913170730595,46
2020-04-13,31.52354226711639,70
2020-04-14,29.145653291377776,31
2020-04-15,31.418890649151667,62
2020-04-16,35.54147624963441,46
2020-04-17,34.16115518476407,15
2020-04-18,35.7860988223259,40
2020-04-19,30.950481997946902,10
2020-04-20,36.424333485754666,77
2020-04-21,35.82614764596892,88
2020-04-22,32.4533447874566,41
2020-04-23,35.74659179714431,45
2020-04-24,35.16625366799932,47
2020-04-25,36.28791719924327,68
2020-04-26,32.29669063718339,88
2020-04-27,34.03165063367659,64
2020-04-28,35.726207397221486,6
2020-04-29,33.66384554368419,86
2020-04-30,33.76816808789975,81
2020-05-01,34.45326527763387,68
2020-05-02,33.75507326287381,89
2020-05-03,36.98153094038898,82
2020-05-04,34.587638137061624,55
2020-05-05,30.96597192971688,73
2020-05-06,33.57428346198164,49
2020-05-07,31.484866004877986,41
2020-05-08,31.129649339104965,11
2020-05-09,31.508891110087585,28
2020-05-10,31.455460139415404,68
2020-05-11,34.73509764252042,50
2020-05-12,33.427036244454264,78
2020-05-13,29.93442608232213,78
2020-05-14,32.87313143967366,95
2020-05-15,33.55152538327119,63
2020-05-16,34.51604269152223,86
2020-05-17,30.69143780739498,71
2020-05-18,33.193962138146524,60
2020-05-19,29.37214937337637,89
2020-05-20,29.504771188862986,37
2020-05-21,29.942246560279845,28
2020-05-22,33.189960270717,24
2020-05-23,28.163060520630463,29
2020-05-24,30.87052815334696,74
2020-05-25,33.20249427498442,8
2020-05-26,28.31271430422632,86
2020-05-27,27.75948438819494,35
2020-05-28,27.19089712261868,35
2020-05-29,29.015275185076124,12
2020-05-30,29.284962181716384,33
2020-05-31,29.880650390192752,56
2020-06-01,30.92589380654128,37
2020-06-02,28.934288128151824,68
2020-06-03,33.73846610220552,72
2020-06-04,31.739464005475362,82
2020-06-05,26.03173338315847,31
2020-06-06,28.054389328834098,64
2020-06-07,27.70864971768965,18
2020-06-08,30.403910700915596,48
2020-06-09,28.775216538301283,99
2020-06-10,21.873350333356463,13
2020-06-11,25.86158491365295,94
2020-06-12,28.634019959941305,64
2020-06-13,29.891543080122588,35
2020-06-14,30.570867039359147,80
2020-06-15,24.430443264260834,99
2020-06-16,26.910863500661478,79
2020-06-17,26.401831166168975,77
2020-06-18,26.08724156898079,64
2020-06-19,25.332575977096443,32
2020-06-20,29.60904291063973,7
2020-06-21,26.42644385132973,90
2020-06-22,27.328834749119427,58
